"PLOTID","site","elev","heat","num_clusters","num_trees","avg_wbp_DBH","avg_wbp_height","avg_wbp_vigor","avg_wbp_rust","percent_live_wbp_canopy","beetle_ppct","beetleprop","prop_infected","prop_not_infected","prop_low_rust","prop_high_rust","prop_livewbp","prop_deadwbp","SoilMin","SoilMax","SoilAvg","Soil","Litter","WoodyDebris","SmallRock","Cobble","BoulderBedrock","Forb","Grass","Shrub","Tree","Ribes","Castilleja","elevft_value","elevm_value","heat_value","aet","cwd","precip","x_coords","y_coords","canopyopenness","prop_PIAL","prop_TSME","prop_ABMA","prop_JUOC","prop_ABCO","prop_PIJE","prop_PIMO3","prop_PICO","prop_UNK","prop_CELE","wbp_basal_area","allconifer_basal_area","nonwbp_conifer_basal_area","nonconifer_basal_area","allpine_basal_area","all_basal_area","wbp_stems","total_stems","nonwbp_stems","max_wbp_height"
"FreelHHHE1","Freel Peak","High","High",10,37,14.22702703,4.267567568,3.27027027,0.05405405405,63.91891892,18.91891892,0.1891891892,0.05405405405,0.9459459459,0.05405405405,1e-04,0.9459459459,0.05405405405,0.1,0.3,0.2125,0.1597938144,0.3350515464,0.01546391753,0.2319587629,0.07731958763,0.1494845361,0,0,0,0.02577319588,0,0,9505.049805,2897.139893,1.016100049,1.842519999,5.179019928,925.8699951,248492.5484,4306084.987,0.1125,0.7708333333,0.2291666667,0,0,0,0,0,0,0,0,9699.65161,27966.47351,18266.8219,NA,9699.65161,27966.47351,37,48,11,12
"FreelHHHE2","Freel Peak","High","High",9,55,9.58,3.132727273,3.454545455,0.05454545455,64.09090909,10.90909091,0.1090909091,0.03636363636,0.9636363636,0.03636363636,1e-04,0.9454545455,0.05454545455,0.1,0.3,0.1625,0.5228426396,0,0.0152284264,0.3248730964,0.02030456853,0.05076142132,0,0.06598984772,0,0,0,0,9442.860352,2878.179932,0.9930649996,1.83683002,5.013669968,859.0079956,246203.9752,4307101.447,0,1,0,0,0,0,0,0,0,0,0,6392.127886,6392.127886,NA,NA,6392.127886,6392.127886,55,55,0,26.5
"FreelHHHE3","Freel Peak","High","High",7,57,16.28070175,5.366666667,3.280701754,0,67.01754386,24.56140351,0.2456140351,1e-04,0.9999,1e-04,1e-04,0.8245614035,0.1754385965,0.1,0.2,0.125,0.5333333333,0,0.004761904762,0.5047619048,0,0.0380952381,0,0.08095238095,0,0.01428571429,0,0,9575.679688,2918.669922,0.9327509999,1.867380023,5.371610165,900.4180298,246759.13,4306008.158,0.0125,0.9827586207,0,0.01724137931,0,0,0,0,0,0,0,15225.55601,15662.99137,437.4353611,NA,15225.55601,15662.99137,57,58,1,8.8
"FreelHHHE4","Freel Peak","High","High",9,61,11.4704918,4.198360656,3.639344262,0,81.55737705,8.196721311,0.08196721311,1e-04,0.9999,1e-04,1e-04,0.9180327869,0.08196721311,0.1,0.3,0.225,0.3333333333,0.1435185185,0,0.4722222222,0.00462962963,0.01851851852,0.00462962963,0,0,0.02314814815,0,0,10155.2002,3095.320068,1.008100033,2.052520037,6.135159969,931.9429932,247379.9942,4303776.827,0.0625,1,0,0,0,0,0,0,0,0,0,8624.370838,8624.370838,NA,NA,8624.370838,8624.370838,61,61,0,7.2
"FreelHHLE1","Freel Peak","Low","High",4,8,10.4,3.7125,4,0,93.125,0,1e-04,1e-04,0.9999,1e-04,1e-04,1,1e-04,0,0.6,0.3625,0.1907216495,0.3041237113,0.1134020619,0.118556701,0.005154639175,0.1237113402,0.03608247423,0.01030927835,0.09793814433,0,0,0,8733.94043,2662.100098,0.9419000149,2.036629915,4.64236021,919.9450073,247222.1948,4302655.082,0,0.6666666667,0,0.25,0.08333333333,0,0,0,0,0,0,1451.54147,31593.14378,30141.60231,NA,1451.54147,31593.14378,8,12,4,8.4
"FreelHHLE2","Freel Peak","Low","High",7,39,7.487179487,4.394871795,3.871794872,0.4102564103,86.92307692,5.128205128,0.05128205128,0.1794871795,0.8205128205,0.1025641026,0.07692307692,1,1e-04,0.1,0.4,0.2625,0.3930131004,0.288209607,0.1659388646,1.166666667,0.004366812227,0,0,0,0.09170305677,0.02620087336,0,0,8587.69043,2617.530029,1.067420006,1.997069955,5.1698699,895.0349731,246584.9847,4304975.938,0.15,0.7222222222,0,0.01851851852,0.01851851852,0.1296296296,0.03703703704,0.07407407407,0,0,0,2534.150006,16163.15648,13629.00648,NA,4703.451149,16163.15648,39,54,15,8.7
"FreelHHLE3","Freel Peak","Low","High",12,30,8.446666667,3.57,4,0.1333333333,89,0,1e-04,0.06666666667,0.9333333333,0.06666666667,1e-04,1,1e-04,0.1,0.4,0.2,0.4423076923,0.1346153846,0.08173076923,0.1875,0.07211538462,0.009615384615,0,0,0.06730769231,0.004807692308,0,0,8912.490234,2716.530029,0.9755300283,2.022680044,4.101850033,927.1190186,247011.1636,4304879.424,0.0625,0.6666666667,0,0.1555555556,0.06666666667,0.06666666667,0.02222222222,0.02222222222,0,0,0,2928.090017,10931.58005,8003.490028,NA,3698.487075,10931.58005,30,45,15,7.6
"FreelHHLE4","Freel Peak","Low","High",3,12,9.208333333,2.783333333,3.666666667,0,72.5,16.66666667,0.1666666667,1e-04,0.9999,1e-04,1e-04,1,1e-04,0.1,0.8,0.45,0.2989130435,0.277173913,0.04891304348,0.5,0.005434782609,0.04347826087,0.01086956522,0,0.2989130435,0.01086956522,0,0,8582.049805,2615.810059,0.926756978,2.032660007,5.073679924,869.8150024,246164.3865,4304843.663,0.125,0.7058823529,0,0.2352941176,0.05882352941,0,0,0,0,0,0,1009.794273,29255.52395,28245.72968,NA,1009.794273,29255.52395,12,17,5,6.2
"FreelLHHE1","Freel Peak","High","Low",12,39,22.43333333,6.856410256,3.692307692,0.05128205128,74.74358974,5.128205128,0.05128205128,0.05128205128,0.9487179487,0.05128205128,1e-04,0.9487179487,0.05128205128,0.2,0.4,0.2875,0.1090909091,0.4787878788,0.09090909091,0.1393939394,0.07878787879,0.09696969697,0,0,0,0.006060606061,0,0,9433.389648,2875.300049,0.7420560122,1.788789988,5.017099857,940.4630127,248019.1282,4305915.906,0.1375,0.847826087,0.152173913,0,0,0,0,0,0,0,0,20945.66581,25323.22385,4377.558035,NA,20945.66581,25323.22385,39,46,7,12
"FreelLHHE2","Freel Peak","High","Low",17,143,3.106993007,1.937062937,3.629370629,0.03496503497,73.35664336,3.496503497,0.03496503497,0.03496503497,0.965034965,0.03496503497,1e-04,0.993006993,0.006993006993,0.2,0.5,0.3625,0.09793814433,0.2319587629,0.005154639175,0.4432989691,0.01546391753,0.0618556701,0,0.005154639175,0.04639175258,0.09278350515,0,0,9801.639648,2987.540039,0.6651499867,1.783049941,4.374690056,924.6669922,248895.6616,4306139.337,0,0.9050632911,0.09493670886,0,0,0,0,0,0,0,0,1495.814364,2164.478799,668.6644344,NA,1495.814364,2164.478799,143,158,15,4
"FreelLHHE3","Freel Peak","High","Low",15,39,2.687179487,1.848717949,4,0,87.30769231,0,1e-04,1e-04,0.9999,1e-04,1e-04,1,1e-04,0.3,0.6,0.4,0.4490740741,0.02314814815,0.01388888889,0.3611111111,0.01388888889,0.09259259259,0,0.01851851852,0,0.02777777778,0,0,9527.75,2904.060059,0.4974820018,1.817389965,4.472280025,918.7849731,247351.7431,4305859.808,0,0.6610169492,0.3220338983,0,0,0,0,0,0.01694915254,0,0,351.8426692,1480.852529,1129.00986,NA,360.921872,1480.852529,39,59,20,3.3
"FreelLHHE4","Freel Peak","High","Low",53,232,3.120258621,1.959482759,3.806034483,0.05603448276,80.58189655,1.293103448,0.01293103448,0.05172413793,0.9482758621,0.05172413793,1e-04,0.9913793103,0.008620689655,0.1,0.4,0.2125,0.1863636364,0.2636363636,0,0.4136363636,0.004545454545,0.09090909091,0.004545454545,0,0,0.03636363636,0,0,10061.5,3066.72998,0.7487120032,2.290359974,3.068239927,936.5809937,247269.2838,4303948.66,0.025,0.9626556017,0.03319502075,0,0,0,0,0,0.004149377593,0,0,3191.724618,3920.314933,728.5903142,NA,3228.041429,3920.314933,232,241,9,5.6
"FreelLHLE1","Freel Peak","Low","Low",4,24,13.44166667,4.1875,3.625,0.08333333333,76.875,4.166666667,0.04166666667,0.04166666667,0.9583333333,0.04166666667,1e-04,0.9583333333,0.04166666667,0.1,0.4,0.225,0.4334763948,0.2188841202,0.1330472103,0.1802575107,0.01716738197,0,0,0,0,0.01716738197,0,0,8918.099609,2718.23999,0.6434190273,1.825559974,4.270100117,880.5460205,248206.0178,4307034.31,0.1375,0.4210526316,0.5263157895,0,0,0,0,0.0350877193,0.01754385965,0,0,6056.550813,39967.758,33911.20719,NA,18079.27667,39967.758,24,57,33,9.4
"FreelLHLE2","Freel Peak","Low","Low",4,11,7.836363636,3.709090909,3.909090909,0.09090909091,82.27272727,0,1e-04,0.09090909091,0.9090909091,0.09090909091,1e-04,1,1e-04,0.1,0.4,0.2625,0.1898734177,0.4008438819,0.1223628692,0.02109704641,0.004219409283,0.07172995781,0.008438818565,0.1181434599,0,0.06329113924,0,0,8782.370117,2676.870117,0.4854049981,1.962100029,3.27444005,882.8510132,247163.9004,4306564.479,0.175,0.1746031746,0.5873015873,0.07936507937,0,0,0,0.04761904762,0,0.1111111111,0,700.056799,17532.36466,16832.30786,NA,6881.611584,25329.23214,11,63,52,5.6
"FreelLHLE3","Freel Peak","Low","Low",4,16,7.49375,3.375,4,0.3125,90.625,0,1e-04,0.1875,0.8125,0.1875,1e-04,1,1e-04,0.3,0.6,0.4125,0.1142857143,0.419047619,0.09047619048,0.1095238095,0.009523809524,0.06666666667,0.01428571429,0.05714285714,0.009523809524,0.1095238095,0,0,8700.980469,2652.060059,0.6260399818,1.786929965,4.586160183,865.4039917,246806.9235,4307260.67,0.25,0.2162162162,0.2567567568,0.4459459459,0,0,0,0.06756756757,0,0.01351351351,0,1036.811969,10476.83451,9440.022539,NA,3423.472054,10766.36369,16,74,58,5.4
"FreelLHLE4","Freel Peak","Low","Low",2,4,34.525,9.1,4,0,90,0,1e-04,1e-04,0.9999,1e-04,1e-04,1,1e-04,0.4,0.7,0.5,0.0824742268,0.4948453608,0.1030927835,0,0.005154639175,0.01546391753,0,0,0.2525773196,0.04639175258,0,0,8434.219727,2570.75,0.6359279752,1.764860034,4.256929874,855.875,247000.0047,4307723.012,0.1875,0.1052631579,0.02631578947,0.7368421053,0,0,0,0.1315789474,0,0,0,3826.656202,17798.80313,13972.14693,NA,11521.32767,17798.80313,4,38,34,11.2
"MonHHHE1","Monument Peak","High","High",38,238,11.90462185,3.318067227,3.159663866,0.6176470588,63.20588235,18.06722689,0.1806722689,0.5420168067,0.4579831933,0.5210084034,0.02100840336,0.9033613445,0.09663865546,0.2,0.7,0.4,0.1146496815,0.4840764331,0.08280254777,0,0,0.2038216561,0,0.006369426752,0,0.1082802548,0,0,9738.80957,2968.389893,1.003849983,1.686339974,5.827960014,859.0839844,247903.9758,4311049.51,0.4125,1,0,0,0,0,0,0,0,0,0,37371.45158,37371.45158,NA,NA,37371.45158,37371.45158,238,238,0,13.8
"MonHHHE2","Monument Peak","High","High",28,216,10.21898148,3.318055556,3.541666667,0.02314814815,69.51388889,5.555555556,0.05555555556,0.01851851852,0.9814814815,0.01851851852,1e-04,0.9444444444,0.05555555556,0.1,0.5,0.2875,0.2631578947,0.2236842105,0.04605263158,0.8235294118,0.01973684211,0.2434210526,0,0,0,0.1118421053,0,0,9823.570313,2994.22998,1.014279962,1.624289989,5.649600029,863.7219849,248236.5724,4311500.373,0.2125,1,0,0,0,0,0,0,0,0,0,28339.7497,28339.7497,NA,NA,28339.7497,28339.7497,216,216,0,7.2
"MonHHHE3","Monument Peak","High","High",8,60,11.13,3.695,3.016666667,0.2333333333,60.16666667,20,0.2,0.08333333333,0.9166666667,0.03333333333,0.05,0.8833333333,0.1166666667,0,0.5,0.2,0.1333333333,0.2266666667,0.04,0.2142857143,0.006666666667,0.48,0,0,0,0.09333333333,0,0,9892.450195,3015.219971,0.9929040074,1.646119952,6.810259819,880.3330078,248560.4267,4312180.818,0.25,0.8695652174,0,0,0,0,0,0,0,0.1304347826,0,8368.448847,8368.448847,NA,NA,8368.448847,10690.47852,60,69,9,7.5
"MonHHHE4","Monument Peak","High","High",27,125,16.8024,3.9232,3.392,0,72.24,1.6,0.016,1e-04,0.9999,1e-04,1e-04,0.904,0.096,0.2,0.4,0.2875,0.3636363636,0.2727272727,0.05882352941,0.06417112299,0.01069518717,0.1711229947,0.01069518717,0,0,0.04812834225,0,0,9567.629883,2916.209961,1.040590048,1.654870033,6.064519882,868.9060059,248179.4896,4311982.523,0.1625,1,0,0,0,0,0,0,0,0,0,41698.6656,41698.6656,NA,NA,41698.6656,41698.6656,125,125,0,8.2
"MonHHLE1","Monument Peak","Low","High",4,20,8.065,3.575,3.5,0.3,72.5,10,0.1,0.3,0.7,0.3,1e-04,0.95,0.05,0.1,0.7,0.475,0.09392265193,0.3370165746,0.1491712707,0,0,0.2375690608,0,0,0.138121547,0.04419889503,0,0,8315.820313,2534.659912,1.046810031,1.606789947,5.939799786,856.8560181,246287.8455,4312924.644,0.2,0.6666666667,0,0.03333333333,0,0,0.2,0.03333333333,0,0,0.06666666667,1517.082946,24521.01816,23003.93521,654.3701878,24123.41034,25175.38835,20,30,10,7.6
"MonHHLE2","Monument Peak","Low","High",2,9,12.33333333,4.311111111,4,0.1111111111,93.88888889,0,1e-04,0.1111111111,0.8888888889,0.1111111111,1e-04,1,1e-04,0.1,0.5,0.3125,0.2010309278,0.3195876289,0.07731958763,0,0,0.2680412371,0,0,0.05154639175,0.0824742268,0,0,8341.540039,2542.5,1.091910005,1.524430037,5.517829895,833.7969971,246243.0539,4313279.666,0.3875,0.2903225806,0,0.06451612903,0,0,0.09677419355,0,0,0,0.5483870968,1334.92555,26309.13416,24974.20861,1964.665652,14742.19056,28273.79981,9,31,22,7.8
"MonHHLE3","Monument Peak","Low","High",3,29,7.306896552,3.372413793,3.689655172,0.1379310345,76.55172414,13.79310345,0.1379310345,0.1379310345,0.8620689655,0.1379310345,1e-04,0.9655172414,0.03448275862,0.3,1.2,0.85,0.06703910615,0.5195530726,0.08379888268,0.01117318436,0,0.1340782123,0.005586592179,0,0.1675977654,0.01117318436,0,0,8315.040039,2534.429932,0.7992609739,1.551300049,5.113540173,827.1229858,245836.9739,4312833.471,0.475,0.4393939394,0,0.06060606061,0,0,0.1818181818,0.1060606061,0,0.04545454545,0.1666666667,1919.803709,19385.7551,17465.95139,583.3309239,13586.47716,32486.64414,29,66,37,5.8
"MonHHLE4","Monument Peak","Low","High",5,30,22.27333333,4.44,2.3,0,39.83333333,70,0.7,1e-04,0.9999,1e-04,1e-04,1,1e-04,0.1,0.5,0.3,0.2057416268,0.3110047847,0.00956937799,0.05263157895,0.004784688995,0.1339712919,0.004784688995,0.01435406699,0.2631578947,0,0,0,8757.780273,2669.370117,0.9920920134,1.642510056,5.153190136,875.4730225,246567.2958,4311900.172,0,1,0,0,0,0,0,0,0,0,0,16958.66272,16958.66272,NA,NA,16958.66272,16958.66272,30,30,0,7.6
"MonLHHE1","Monument Peak","High","Low",13,116,11.03275862,3.79137931,3.801724138,0.8103448276,85.60344828,3.448275862,0.03448275862,0.6896551724,0.3103448276,0.6896551724,1e-04,0.9655172414,0.03448275862,0.2,0.5,0.325,0.2,0.4787878788,0.08484848485,0.05454545455,0.02424242424,0.1333333333,0,0,0,0.02424242424,0,0,9498.589844,2895.169922,0.7457699776,1.576099992,5.090529919,847.9710083,247890.8286,4311433.588,0.2625,1,0,0,0,0,0,0,0,0,0,25873.51307,25873.51307,NA,NA,25873.51307,25873.51307,116,116,0,11.4
"MonLHHE2","Monument Peak","High","Low",16,69,16.5173913,4.428985507,2.942028986,0.2463768116,56.23188406,7.246376812,0.07246376812,0.2463768116,0.7536231884,0.2463768116,1e-04,0.8985507246,0.1014492754,0.2,0.5,0.375,0.225,0.44375,0.0625,0.3333333333,0,0.11875,0,0,0,0.1125,0,0,9444.169922,2878.580078,0.7358189821,1.489629984,5.569990158,842.9990234,248003.2668,4313072.794,0.3125,0.9718309859,0,0,0,0,0,0,0.02816901408,0,0,22810.56233,26324.81856,3514.256228,NA,26324.81856,26324.81856,69,71,2,10.6
"MonLHHE3","Monument Peak","High","Low",37,153,12.49215686,3.767973856,2.947712418,0.05882352941,56.4379085,16.99346405,0.1699346405,0.0522875817,0.9477124183,0.0522875817,1e-04,0.8888888889,0.1111111111,0.2,0.5,0.3,0.04430379747,0.4683544304,0.09493670886,0.05696202532,0.06329113924,0.2088607595,0,0,0,0.06329113924,0,0,9634.870117,2936.709961,0.7858579755,1.500579953,5.591189861,860.8670044,248118.4942,4312933.519,0.3375,0.9329268293,0,0,0,0,0,0,0.006097560976,0.06097560976,0,26790.97593,27297.68341,506.7074791,NA,27297.68341,32307.18066,153,164,11,8.2
"MonLHHE4","Monument Peak","High","Low",24,114,15.36315789,3.652631579,3.5,0.07894736842,73.81578947,17.54385965,0.1754385965,0.07894736842,0.9210526316,0.07894736842,1e-04,0.9122807018,0.08771929825,0.2,0.5,0.3125,0.1217948718,0.4871794872,0.05769230769,0.05769230769,0.01923076923,0.2243589744,0,0,0,0.03205128205,0,0,9766.870117,2976.939941,0.7842630148,1.558560014,5.045670033,867.9000244,248349.4584,4311788.2,0.2875,1,0,0,0,0,0,0,0,0,0,36190.18918,36190.18918,NA,NA,36190.18918,36190.18918,114,114,0,8.8
"MonLHLE1","Monument Peak","Low","Low",3,11,25.6,8.881818182,4,0,90,9.090909091,0.09090909091,1e-04,0.9999,1e-04,1e-04,1,1e-04,0.1,0.4,0.2375,0.2398190045,0.443438914,0.04977375566,0.01357466063,0,0.02262443439,0,0,0.2171945701,0.01357466063,0,0,8576.910156,2614.23999,0.7804380059,1.544569969,5.923659801,859.5170288,246671.5952,4313121.799,0.175,0.3142857143,0,0.3714285714,0,0,0.1428571429,0.1714285714,0,0,0,7886.48141,31841.71444,23955.23303,NA,27626.52962,31841.71444,11,35,24,12.6
"MonLHLE2","Monument Peak","Low","Low",4,18,7.372222222,3.183333333,3.777777778,0.05555555556,81.11111111,0,1e-04,0.05555555556,0.9444444444,0.05555555556,1e-04,1,1e-04,0.2,0.5,0.325,0.3333333333,0.5147058824,0.1421568627,0,0,0.004901960784,0,0,0,0.004901960784,0,0,8688.299805,2648.189941,0.567463994,1.570979953,4.497700214,862.7470093,246927.549,4312387.209,0.2,0.5142857143,0,0.02857142857,0,0,0,0.1428571429,0.3142857143,0,0,3288.155805,19245.7029,15957.5471,NA,19210.44638,19245.7029,18,35,17,15.8
"MonLHLE3","Monument Peak","Low","Low",13,36,13.84166667,5.219444444,3.722222222,0.1388888889,76.66666667,13.88888889,0.1388888889,0.1388888889,0.8611111111,0.1388888889,1e-04,0.9166666667,0.08333333333,0.2,0.4,0.3125,0.01986754967,0.4834437086,0.1258278146,0.006622516556,0.03973509934,0.2450331126,0.006622516556,0,0,0.07284768212,0,0,8860.370117,2700.639893,0.5735290051,1.502940059,4.598480225,813.3599854,247944.455,4314904.054,0.2625,0.8780487805,0,0,0,0,0,0.0243902439,0.0243902439,0.07317073171,0,8820.908875,10314.1864,1493.277528,NA,10314.1864,14431.47134,36,41,5,13.6
"MonLHLE4","Monument Peak","Low","Low",8,19,12.97368421,3.584210526,3.842105263,0,82.10526316,0,1e-04,1e-04,0.9999,1e-04,1e-04,1,1e-04,0.1,0.4,0.2375,0.04608294931,0.3778801843,0.3179723502,0,0.004608294931,0.2165898618,0.004608294931,0,0,0.03225806452,0,0,8810.080078,2685.310059,0.3693000078,1.525930047,4.782839775,776.9459839,248592.1013,4315282.911,0.5125,0.5,0,0.07894736842,0,0,0,0.2894736842,0.07894736842,0.05263157895,0,10085.93399,41861.42366,31775.48967,NA,37923.02101,49672.38118,19,38,19,11.2
"RelayHHHE1","Relay Peak","High","High",26,216,11.77453704,5.063888889,2.967592593,1.421296296,62.26851852,18.51851852,0.1851851852,0.7916666667,0.2083333333,0.6712962963,0.1157407407,0.8611111111,0.1388888889,0.2,0.8,0.3875,0.1141304348,0.3315217391,0.1032608696,0.04347826087,0.01086956522,0.03804347826,0.07065217391,0.1086956522,0.07065217391,0.09239130435,0.01630434783,0,9617.160156,2931.310059,0.9664509892,1.980919957,5.77271986,1523.01001,247492.5301,4356604.501,0.2625,0.9818181818,0,0,0,0,0,0.01818181818,0,0,0,34336.73591,35685.69653,1348.960616,NA,35685.69653,35685.69653,216,220,4,13.2
"RelayHHHE2","Relay Peak","High","High",21,161,18.33291925,5.949068323,2.795031056,1.217391304,51.55279503,27.95031056,0.2795031056,0.7701863354,0.2298136646,0.6894409938,0.08074534161,0.9192546584,0.08074534161,0.3,1,0.5125,0.0243902439,0.6585365854,0.1341463415,0.05487804878,0.01829268293,0.006097560976,0.03658536585,0,0.01219512195,0.05487804878,0,0,9712.509766,2960.370117,1.024549961,1.910840034,5.65031004,1507.359985,247900.1527,4356269.765,0.55,1,0,0,0,0,0,0,0,0,0,69888.5142,69888.5142,NA,NA,69888.5142,69888.5142,161,161,0,13.8
"RelayHHHE3","Relay Peak","High","High",20,72,24.69166667,5.876388889,3.152777778,0.02777777778,65.34722222,43.05555556,0.4305555556,0.01388888889,0.9861111111,0.01388888889,1e-04,0.9166666667,0.08333333333,0,0.5,0.2875,0.03012048193,0.4939759036,0.186746988,0.006024096386,0,0.2108433735,0.006024096386,0,0,0.06024096386,0.006024096386,0,9840.05957,2999.25,1.038619995,2.010430098,5.839369774,1315.300049,246139.9704,4355214.36,0.4625,0.9863013699,0,0,0,0,0,0,0,0.01369863014,0,48166.88286,48166.88286,NA,NA,48166.88286,48710.13491,72,73,1,10.6
"RelayHHHE4","Relay Peak","High","High",27,103,15.0631068,5.454368932,2.961165049,0.09708737864,57.86407767,17.47572816,0.1747572816,0.05825242718,0.9417475728,0.04854368932,0.009708737864,0.9029126214,0.09708737864,0.1,0.6,0.375,0.03614457831,0.5301204819,0.09638554217,0.01807228916,0.05421686747,0.1265060241,0.0843373494,0.01204819277,0.006024096386,0.03614457831,0,0,9420.570313,2871.389893,1.00375998,1.837419987,5.480340004,1456.540039,247733.7137,4355798.324,0.675,0.8803418803,0,0,0,0,0,0,0.09401709402,0.02564102564,0,33799.14658,41743.22123,7944.074657,NA,41743.22123,51333.19199,103,117,14,14.2
"RelayHHLE1","Relay Peak","Low","High",8,33,13.19393939,5.389090909,3.272727273,1.454545455,60.45454545,3.03030303,0.0303030303,0.8787878788,0.1212121212,0.8484848485,0.0303030303,1,1e-04,0.1,0.9,0.5125,0.3254716981,0.5,0.01886792453,0.05660377358,0.02830188679,0.009433962264,0.04245283019,0,0,0.01886792453,0,0,8970.769531,2734.290039,0.9720270038,1.855509996,5.516069889,1379.689941,247540.3319,4355042.344,0.4125,0.5322580645,0,0,0,0.01612903226,0,0.08064516129,0.3387096774,0.03225806452,0,6121.958772,34818.95468,28696.9959,NA,34605.13003,35628.62164,33,62,29,14
"RelayHHLE2","Relay Peak","Low","High",7,37,24.09189189,7.548648649,2.081081081,1.2,33.91891892,72.97297297,0.7297297297,0.8857142857,0.1142857143,0.7567567568,0.08108108108,0.5135135135,0.4864864865,0.4,0.1,0.225,0.2794117647,0.3431372549,0.01470588235,0.112745098,0.06862745098,0.02941176471,0.0931372549,0.03431372549,0,0.009803921569,0.01470588235,0,8930.94043,2722.149902,0.8738539815,1.870460033,5.104780197,1380.73999,247309.3397,4355030.278,0.2375,0.8222222222,0,0,0,0,0,0,0.1777777778,0,0,26712.8995,29582.85435,2869.954845,NA,29582.85435,29582.85435,37,45,8,22.4
"RelayHHLE3","Relay Peak","Low","High",7,58,13.23275862,4.598275862,3.189655172,1.310344828,66.72413793,25.86206897,0.2586206897,0.8103448276,0.1896551724,0.7413793103,0.06896551724,0.8965517241,0.1034482759,0.2,0.7,0.475,0.2849462366,0.3924731183,0.05376344086,0.1075268817,0.0376344086,0.02150537634,0.04301075269,0.0376344086,0.005376344086,0.01612903226,0,0,8855.94043,2699.290039,0.9728649855,1.865579963,4.673389912,1368.930054,247127.6118,4355056.652,0.2,0.8656716418,0,0,0,0,0,0.02985074627,0.1044776119,0,0,9965.045503,15125.86542,5160.819916,NA,15125.86542,15125.86542,58,67,9,9.4
"RelayHHLE4","Relay Peak","Low","High",5,33,16.13636364,5.081818182,3.393939394,0.1212121212,73.63636364,15.15151515,0.1515151515,0.06060606061,0.9393939394,0.0303030303,0.0303030303,0.8787878788,0.1212121212,0.1,0.6,0.3625,0.07281553398,0.4563106796,0.03398058252,0.0145631068,0,0.08737864078,0,0,0.3009708738,0.01941747573,0.0145631068,0,8907.629883,2715.050049,0.9599850178,1.99574995,4.941100121,1326.51001,246769.4335,4354719.448,0.45,0.825,0,0.025,0,0,0,0.075,0.075,0,0,11103.70005,53056.66972,41952.96967,NA,52824.31753,53056.66972,33,40,7,11.6
"RelayLHHE1","Relay Peak","High","Low",13,53,3.558490566,1.935849057,3.811320755,0.03773584906,84.43396226,3.773584906,0.03773584906,0.03773584906,0.9622641509,0.03773584906,1e-04,0.9811320755,0.01886792453,0.1,0.3,0.1625,0.2067510549,0.1856540084,0.004219409283,0.253164557,0.05485232068,0.06329113924,0.1265822785,0,0.05907172996,0.04641350211,0,0,9968.879883,3038.51001,0.6803629994,2.196449995,4.188290119,1316.170044,246076.8141,4355843.748,0.1,0.9298245614,0.05263157895,0,0,0,0,0,0.01754385965,0,0,840.297495,1040.550465,200.2529697,NA,945.9806719,1040.550465,53,57,4,4.5
"RelayLHHE2","Relay Peak","High","Low",8,33,37.45757576,9.412121212,2.666666667,1.484848485,47.87878788,48.48484848,0.4848484848,0.8787878788,0.1212121212,0.7878787879,0.09090909091,0.9393939394,0.06060606061,0.1,0.5,0.3375,0.0652173913,0.7536231884,0.07971014493,0.02898550725,0.007246376812,0.02898550725,0.01449275362,0.007246376812,0,0.01449275362,0,0,9458.099609,2882.830078,0.7389919758,1.867249966,4.952809811,1438.469971,246877.1529,4355926.44,0.675,0.8918918919,0,0,0,0,0,0,0.1081081081,0,0,55893.19802,77625.37726,21732.17924,NA,77625.37726,77625.37726,33,37,4,18
"RelayLHHE3","Relay Peak","High","Low",5,30,26.52,6.233333333,2.666666667,0.1333333333,56,50,0.5,0.1,0.9,0.1,1e-04,0.7333333333,0.2666666667,0.1,0.4,0.25,0.2139534884,0.0976744186,0.004651162791,0.423255814,0.04186046512,0.01860465116,0.06046511628,0.03255813953,0.0976744186,0.009302325581,0,0,9921.660156,3024.120117,0.7599840164,2.077480078,5.236139774,1349.72998,246271.3364,4356340.602,0.15,0.7692307692,0,0,0,0,0,0,0.2307692308,0,0,32008.65082,32601.86991,593.2190868,NA,32601.86991,32601.86991,30,39,9,14.5
"RelayLHHE4","Relay Peak","High","Low",26,121,12.20413223,3.698347107,3.561983471,0.00826446281,77.80991736,14.87603306,0.1487603306,0.00826446281,0.9917355372,0.00826446281,1e-04,0.9504132231,0.04958677686,0.1,0.4,0.2375,0.2056074766,0.2429906542,0.191588785,0.1635514019,0.02336448598,0.03271028037,0.009345794393,0.01401869159,0,0.1168224299,0,0,9818.320313,2992.620117,0.7212049961,2.067640066,5.029739857,1359.680054,246382.3081,4356574.927,0.2375,1,0,0,0,0,0,0,0,0,0,35396.50507,35396.50507,NA,NA,35396.50507,35396.50507,121,121,0,11.6
"RelayLHLE1","Relay Peak","Low","Low",8,44,10.75909091,3.865909091,3.818181818,1.409090909,86.70454545,0,1e-04,0.9090909091,0.09090909091,0.7954545455,0.1136363636,0.9772727273,0.02272727273,0.2,0.9,0.4,0.1631205674,0.2340425532,0.07092198582,0.1134751773,0.1276595745,0.0780141844,0,0.08510638298,0.1063829787,0.02127659574,0,0,8873.80957,2704.73999,0.7633870244,1.889909983,5.285190105,1362.839966,247043.6211,4355060.003,0.225,0.8979591837,0,0,0,0,0,0.04081632653,0.0612244898,0,0,5857.326715,9500.859481,3643.532766,NA,9500.859481,9500.859481,44,49,5,8.6
"RelayLHLE2","Relay Peak","Low","Low",10,52,11.44038462,4.459615385,3.865384615,0.6153846154,78.84615385,0,1e-04,0.4615384615,0.5384615385,0.4615384615,1e-04,1,1e-04,0.1,0.3,0.175,0.1266666667,0.5133333333,0.006666666667,0.006666666667,0.006666666667,0.1466666667,0.03333333333,0.006666666667,0.12,0.03333333333,0,0,8926.200195,2720.709961,0.8208209872,1.809880018,5.300909996,1346.349976,246959.845,4354919.01,0.3125,0.9122807018,0,0,0,0,0,0.0701754386,0.01754385965,0,0,8619.50137,29887.0312,21267.52983,NA,29887.0312,29887.0312,52,57,5,12
"RelayLHLE3","Relay Peak","Low","Low",9,40,11.59,4.44,3.25,1.5,62.5,0,1e-04,0.925,0.075,0.875,0.05,0.95,0.05,0.1,0.6,0.1875,0.213836478,0.5660377358,0.05031446541,0.0251572327,0.01257861635,0.09433962264,0.006289308176,0.0251572327,0,0.006289308176,0,0,8867.019531,2702.669922,0.7978579998,1.822049975,5.25496006,1341.780029,246970.286,4354851.97,0.3375,0.6557377049,0,0,0,0,0,0.1475409836,0.1967213115,0,0,7021.176837,26600.94885,19579.77201,NA,26600.94885,26600.94885,40,61,21,10
"RelayLHLE4","Relay Peak","Low","Low",3,4,37.175,6.225,3.5,0,66.25,25,0.25,1e-04,0.9999,1e-04,1e-04,1,1e-04,0,0.4,0.175,0.04651162791,0.2848837209,0.01162790698,0.005813953488,0.005813953488,0.4069767442,0,0.05813953488,0.1511627907,0.02906976744,0,0,8818.879883,2687.98999,0.4991819859,1.764330029,5.343880177,1287.27002,246501.2365,4354623.792,0.2125,0.1379310345,0.3793103448,0,0,0,0,0.06896551724,0.4137931034,0,0,8073.61823,25830.39471,17756.77648,NA,22136.76925,25830.39471,4,29,25,13.8
"StevHHHE1","Stevens Peak","High","High",7,75,12.15066667,4.046666667,3.32,0.05333333333,63.66666667,18.66666667,0.1866666667,0.04,0.96,0.04,1e-04,0.9733333333,0.02666666667,0.1,0.4,0.15,0.1616161616,0.2474747475,0.0404040404,0.303030303,0.005050505051,0.005050505051,0.08080808081,0.101010101,0.0101010101,0.04545454545,0,0,9390.910156,2862.350098,0.8311870098,2.7260499,2.50590992,1439.97998,240305.7344,4290970.284,0.15,0.974025974,0,0,0,0,0,0,0.02597402597,0,0,12028.50639,16462.27537,4433.768982,NA,16462.27537,16462.27537,75,77,2,8.6
"StevHHHE2","Stevens Peak","High","High",3,19,16.17368421,5.2,2.631578947,0.6315789474,45,47.36842105,0.4736842105,0.5263157895,0.4736842105,0.5263157895,1e-04,1,1e-04,0.1,0.3,0.2125,0.08130081301,0.3943089431,0.03658536585,0.1544715447,0,0,0.1097560976,0.07723577236,0.1016260163,0.04471544715,0,0,9303.429688,2835.689941,0.9224269986,2.287830114,4.893740177,1422.5,240018.5662,4291315.324,0.15,0.7037037037,0,0,0,0,0,0.03703703704,0.2592592593,0,0,5269.935283,11808.03727,6538.101989,NA,11808.03727,11808.03727,19,27,8,9.4
"StevHHHE3","Stevens Peak","High","High",14,93,11.17849462,4.047311828,3.623655914,0.4516129032,72.31182796,7.52688172,0.0752688172,0.2365591398,0.7634408602,0.1827956989,0.05376344086,0.9784946237,0.02150537634,0.1,0.5,0.3625,0.1408450704,0.4366197183,0.0234741784,0.1690140845,0.009389671362,0.009389671362,0.05164319249,0.06103286385,0.02816901408,0.07042253521,0,0,9410.599609,2868.350098,0.8744480014,2.374310017,4.046420097,1459.140015,239998.2024,4289653.92,0.225,0.8017241379,0,0.008620689655,0,0,0,0,0.1896551724,0,0,16906.70078,28537.3166,11630.61583,NA,28438.79626,28537.3166,93,116,23,10
"StevHHHE4","Stevens Peak","High","High",10,92,16.43152174,4.360869565,2.195652174,0.03260869565,42.01086957,46.73913043,0.4673913043,0.03260869565,0.9673913043,0.03260869565,1e-04,0.6630434783,0.3369565217,0.1,0.6,0.25,0.2222222222,0.2051282051,0.04700854701,0.1709401709,0.004273504274,0,0.0811965812,0.2051282051,0,0.0641025641,0,0,9219.959961,2810.25,0.9699950218,2.290110111,4.994830132,1386.47998,239742.0476,4291738.502,0.05,1,0,0,0,0,0,0,0,0,0,28217.36895,28217.36895,NA,NA,28217.36895,28217.36895,92,92,0,9.1
"StevHHLE1","Stevens Peak","Low","High",2,17,15.52352941,5.311764706,2.235294118,0.1764705882,35.29411765,52.94117647,0.5294117647,0.1176470588,0.8823529412,0.1176470588,1e-04,1,1e-04,0.2,0.5,0.3375,0.07725321888,0.364806867,0.04291845494,0.03433476395,0.04291845494,0.01287553648,0.1072961373,0.1459227468,0.1030042918,0,0.05579399142,0.01287553648,8663.240234,2640.550049,1.021550059,2.541909933,3.85984993,1386.780029,239540.401,4291038.83,0.4375,0.4047619048,0,0,0,0,0,0,0.5476190476,0.04761904762,0,4392.174295,13750.13843,9357.964139,NA,13750.13843,27190.69647,17,42,25,10.8
"StevHHLE2","Stevens Peak","Low","High",5,36,16.93888889,5.811111111,3.805555556,0.2222222222,71.94444444,2.777777778,0.02777777778,0.2222222222,0.7777777778,0.2222222222,1e-04,0.9722222222,0.02777777778,0.2,0.5,0.2875,0.03543307087,0.4212598425,0.01968503937,0.03149606299,0,0,0.3307086614,0.08661417323,0.04330708661,0.01181102362,0.01968503937,0,8618.69043,2626.97998,0.8803859949,2.548350096,3.674669981,1397.890015,239244.7667,4289868.929,0.5875,0.72,0,0,0,0,0,0,0.26,0.02,0,13950.96474,34329.40029,20378.43555,NA,34329.40029,43626.50393,36,50,14,19.4
"StevHHLE3","Stevens Peak","Low","High",4,22,17.39545455,5.231818182,3.818181818,0,76.36363636,4.545454545,0.04545454545,1e-04,0.9999,1e-04,1e-04,1,1e-04,0.2,0.3,0.2375,0.03041825095,0.3954372624,0.01140684411,0.1254752852,0.01520912548,0.003802281369,0.05323193916,0.2015209125,0.144486692,0.01901140684,0,0,8868.669922,2703.169922,0.8718630075,2.635590076,3.407030106,1368.349976,240365.7469,4292922.859,0.1125,0.6285714286,0.02857142857,0.1714285714,0,0,0,0.1142857143,0.05714285714,0,0,9121.245133,13888.27426,4767.029131,NA,10451.45829,13888.27426,22,35,13,13
"StevHHLE4","Stevens Peak","Low","High",4,25,18.008,6.232,1.92,0.32,37.2,60,0.6,0.16,0.84,0.12,0.04,0.68,0.32,0.1,0.3,0.225,0.3684210526,0.09473684211,0.04912280702,0.1403508772,0,0,0.1157894737,0.02807017544,0.1263157895,0.01754385965,0.05614035088,0.00350877193,8670.339844,2642.719971,0.9618489742,2.519109964,3.895240068,1376.01001,239309.5193,4291493.924,0.075,0.8928571429,0,0.03571428571,0,0,0,0.03571428571,0.03571428571,0,0,7722.647353,11988.23903,4265.591673,NA,11750.45188,11988.23903,25,28,3,10.4
"StevLHHE1","Stevens Peak","High","Low",20,127,10.25354331,3.741732283,3.661417323,0.1904761905,78.07086614,7.086614173,0.07086614173,0.09523809524,0.9047619048,0.07086614173,0.02362204724,0.9448818898,0.05511811024,0.2,0.3,0.2875,0.1494845361,0.3969072165,0.03092783505,0.09793814433,0.04639175258,0.03092783505,0.04639175258,0.03608247423,0.005154639175,0.1546391753,0.005154639175,0,9352.660156,2850.689941,0.8323010206,2.850620031,2.326649904,1351.27002,239536.4321,4292532.661,0.475,0.8089171975,0.178343949,0.0127388535,0,0,0,0,0,0,0,14201.41251,22751.54751,8550.135004,NA,14201.41251,22751.54751,127,157,30,7.4
"StevLHHE2","Stevens Peak","High","Low",26,144,14.47777778,4.600694444,3.798611111,0.0625,81.77083333,4.166666667,0.04166666667,0.03472222222,0.9652777778,0.03472222222,1e-04,0.9791666667,0.02083333333,0.2,0.3,0.275,0.03157894737,0.4894736842,0.1105263158,0.2736842105,0,0.005263157895,0.04210526316,0.02105263158,0,0.02631578947,0,0,9421.179688,2871.570068,0.6445869803,2.580709934,3.190099955,1372,239819.9476,4292412.568,0.35,0.9795918367,0.02040816327,0,0,0,0,0,0,0,0,41032.26311,41977.01071,944.7475968,NA,41032.26311,41977.01071,144,147,3,11
"StevLHHE3","Stevens Peak","High","Low",29,152,13.05855263,3.963157895,2.690789474,0.1644736842,53.38815789,38.15789474,0.3815789474,0.1447368421,0.8552631579,0.1447368421,1e-04,0.8092105263,0.1907894737,0.1,0.4,0.225,0.1660079051,0.3280632411,0.06324110672,0.2885375494,0,0,0.08300395257,0.02371541502,0,0.02766798419,0.01976284585,0,9419.740234,2871.139893,0.6669970155,2.416069984,3.861969948,1406.699951,240303.5563,4292243.643,0.1125,0.9934640523,0,0,0,0,0,0,0.006535947712,0,0,29245.53369,29249.68845,4.154756284,NA,29249.68845,29249.68845,152,153,1,10.7
"StevLHHE4","Stevens Peak","Low","Low",55,210,10.28,3.388571429,2.976190476,0.05714285714,59.71428571,22.85714286,0.2285714286,0.04285714286,0.9571428571,0.0380952381,0.004761904762,0.8666666667,0.1333333333,0.1,0.4,0.2,0.02577319588,0.4948453608,0.175257732,0.09793814433,0.0412371134,0.07216494845,0,0.01030927835,0,0.0824742268,0,0,9653.44043,2942.370117,0.7638149858,2.595690012,3.012429953,-9999,240373.3174,4292039.322,0.15,1,0,0,0,0,0,0,0,0,0,30188.61624,30188.61624,NA,NA,30188.61624,30188.61624,210,210,0,12.2
"StevLHLE1","Stevens Peak","Low","Low",10,43,20.19534884,4.862790698,2.813953488,0,49.41860465,30.23255814,0.3023255814,1e-04,0.9999,1e-04,1e-04,0.9534883721,0.04651162791,0.3,0.9,0.5375,0.06598984772,0.5532994924,0.04060913706,0.02030456853,0.01015228426,0,0.07614213198,0.1573604061,0.04568527919,0.0152284264,0.0152284264,0,8783.740234,2677.280029,0.8063930273,2.651360035,3.349119902,1408.079956,239707.653,4290684.03,0.3875,0.4777777778,0,0.02222222222,0,0.1555555556,0,0.03333333333,0.3111111111,0,0,21583.63688,48259.66194,26676.02506,NA,40968.63015,48259.66194,43,90,47,13.4
"StevLHLE2","Stevens Peak","Low","Low",4,23,12.90869565,5.143478261,3.652173913,0.1304347826,70.43478261,8.695652174,0.08695652174,0.04347826087,0.9565217391,1e-04,0.04347826087,0.9130434783,0.08695652174,0.2,0.8,0.55,0.02797202797,0.3846153846,0.02447552448,0.03496503497,0,0,0.2517482517,0.2027972028,0,0.04545454545,0.02797202797,0,8679.820313,2645.610107,0.7530170083,2.774139881,2.401190042,1396.630005,239233.1821,4289669.435,0.5125,0.2911392405,0.2784810127,0,0,0,0,0.1392405063,0.253164557,0.03797468354,0,4300.235586,38025.07564,33724.84006,NA,17641.44076,38605.74407,23,79,56,15.5
"StevLHLE3","Stevens Peak","Low","Low",6,53,10.99811321,3.473584906,3.547169811,0,77.64150943,3.773584906,0.03773584906,1e-04,0.9999,1e-04,1e-04,0.9245283019,0.07547169811,0.2,0.3,0.2625,0.2777777778,0.2094017094,0,0.2094017094,0.01709401709,0.004273504274,0.07692307692,0.141025641,0.0641025641,0,0,0,8939.830078,2724.860107,0.5695989728,2.701889992,3.065109968,1337.76001,239577.0169,4293168.585,0.05,0.768115942,0,0.02898550725,0,0,0,0.1594202899,0.04347826087,0,0,12008.11745,15937.64511,3929.527653,NA,15294.20766,15937.64511,53,69,16,11
"StevLHLE4","Stevens Peak","Low","Low",19,81,13.35185185,4.537037037,3.543209877,0.4197530864,71.17283951,11.11111111,0.1111111111,0.2098765432,0.7901234568,0.1728395062,0.03703703704,0.987654321,0.01234567901,0.1,0.4,0.2,0.3166144201,0.2664576803,0.1473354232,0.1379310345,0,0,0.07210031348,0.0407523511,0,0.01880877743,0,0,9074.070313,2765.780029,0.5554940104,2.681879997,2.830729961,1346.01001,239624.5369,4292887.694,0.2625,0.81,0.05,0.02,0,0,0,0.04,0.03,0.05,0,41074.04629,57949.99088,16875.94458,NA,48841.82262,66207.77712,162,100,19,13.8
