PlotID,precip,Solar,volcanic,granitic,aws,clay,sand,silt,om
FreelHHHE1,925.8699951,7.33093977,0,1,2.609999895,3.200000048,45.29999924,4.800000191,0.959999979
FreelHHHE2,859.0079956,7.312679768,0,1,2.609999895,3.200000048,45.29999924,4.800000191,0.959999979
FreelHHHE3,900.4180298,7.559500217,0,1,2.539999962,2.200000048,27.5,3.200000048,0.25999999
FreelHHHE4,931.9429932,7.675660133,0,1,2.609999895,3.200000048,45.29999924,4.800000191,0.959999979
FreelHHLE1,919.9450073,7.263629913,0,1,2.609999895,3.200000048,45.29999924,4.800000191,0.959999979
FreelHHLE2,895.0349731,6.926509857,0,1,2.609999895,3.200000048,45.29999924,4.800000191,0.959999979
FreelHHLE3,927.1190186,6.62514019,0,1,3.630000114,1.899999976,57.09999847,4,2.049999952
FreelHHLE4,869.8150024,6.924580097,0,1,3.630000114,1.899999976,57.09999847,4,2.049999952
FreelLHHE1,940.4630127,7.577109814,0,1,2.539999962,2.200000048,27.5,3.200000048,0.25999999
FreelLHHE2,924.6669922,7.023590088,0,1,2.609999895,3.200000048,45.29999924,4.800000191,0.959999979
FreelLHHE3,918.7849731,6.529459953,0,1,2.609999895,3.200000048,45.29999924,4.800000191,0.959999979
FreelLHHE4,936.5809937,6.705060005,0,1,2.609999895,3.200000048,45.29999924,4.800000191,0.959999979
FreelLHLE1,880.5460205,6.78512001,0,1,2.539999962,2.200000048,27.5,3.200000048,0.25999999
FreelLHLE2,882.8510132,6.371709824,0,1,2.609999895,3.200000048,45.29999924,4.800000191,0.959999979
FreelLHLE3,865.4039917,6.831409931,0,1,2.609999895,3.200000048,45.29999924,4.800000191,0.959999979
FreelLHLE4,855.875,7.059599876,0,1,3.630000114,0.800000012,24.39999962,1.700000048,0.879999995
MonHHHE1,859.0839844,7.003910065,0,1,2.609999895,3.200000048,45.29999924,4.800000191,0.959999979
MonHHHE2,863.7219849,7.166570187,0,1,2.609999895,3.200000048,45.29999924,4.800000191,0.959999979
MonHHHE3,880.3330078,7.364069939,0,1,2.609999895,3.200000048,45.29999924,4.800000191,0.959999979
MonHHHE4,868.9060059,7.166739941,0,1,2.609999895,3.200000048,45.29999924,4.800000191,0.959999979
MonHHLE1,856.8560181,6.911530018,0,1,3.630000114,1.899999976,57.09999847,4,2.049999952
MonHHLE2,833.7969971,6.61590004,0,1,3.630000114,1.899999976,57.09999847,4,2.049999952
MonHHLE3,827.1229858,6.654910088,0,1,3.630000114,0.800000012,24.39999962,1.700000048,0.879999995
MonHHLE4,875.4730225,7.393030167,0,1,3.630000114,0.800000012,24.39999962,1.700000048,0.879999995
MonLHHE1,847.9710083,7.166649818,0,1,2.539999962,2.200000048,27.5,3.200000048,0.25999999
MonLHHE2,842.9990234,7.303800106,0,1,2.539999962,2.200000048,27.5,3.200000048,0.25999999
MonLHHE3,860.8670044,6.870220184,0,1,2.539999962,2.200000048,27.5,3.200000048,0.25999999
MonLHHE4,867.9000244,6.902609825,0,1,2.609999895,3.200000048,45.29999924,4.800000191,0.959999979
MonLHLE1,859.5170288,7.101299763,0,1,3.630000114,0.800000012,24.39999962,1.700000048,0.879999995
MonLHLE2,862.7470093,6.971360207,0,1,3.630000114,1.899999976,57.09999847,4,2.049999952
MonLHLE3,813.3599854,6.374800205,0,1,2.609999895,3.200000048,45.29999924,4.800000191,0.959999979
MonLHLE4,776.9459839,6.002799988,0,1,2.609999895,3.200000048,45.29999924,4.800000191,0.959999979
RelayHHHE1,1523.01001,7.531650066,0,1,6.139999866,2.400000095,64.30000305,14.60000038,3.49000001
RelayHHHE2,1507.359985,7.285779953,0,1,6.139999866,2.400000095,64.30000305,14.60000038,3.49000001
RelayHHHE3,1315.300049,7.206570148,0,1,2.609999895,3.200000048,45.29999924,4.800000191,0.959999979
RelayHHHE4,1456.540039,7.21600008,0,1,6.139999866,2.400000095,64.30000305,14.60000038,3.49000001
RelayHHLE1,1379.689941,7.497839928,0,1,6.5,2.400000095,63.40000153,14.39999962,3.450000048
RelayHHLE2,1380.73999,7.530700207,0,1,6.409999847,2.400000095,63.40000153,14.39999962,3.450000048
RelayHHLE3,1368.930054,7.310120106,0,1,2.539999962,2.200000048,27.5,3.200000048,0.25999999
RelayHHLE4,1326.51001,7.48086977,0,1,2.609999895,3.200000048,45.29999924,4.800000191,0.959999979
RelayLHHE1,1316.170044,7.034939766,1,0,6.139999866,8.800000191,59,32.29999924,3.690000057
RelayLHHE2,1438.469971,7.4238801,1,0,6.139999866,8.800000191,59,32.29999924,3.690000057
RelayLHHE3,1349.72998,7.602389812,1,0,6.139999866,8.800000191,59,32.29999924,3.690000057
RelayLHLE1,1362.839966,7.070179939,0,1,2.539999962,2.200000048,27.5,3.200000048,0.25999999
RelayLHLE2,1346.349976,7.034510136,0,1,2.609999895,3.200000048,45.29999924,4.800000191,0.959999979
RelayLHLE3,1341.780029,7.040369987,0,1,2.609999895,3.200000048,45.29999924,4.800000191,0.959999979
RelayLHLE4,1287.27002,6.259960175,0,1,2.609999895,3.200000048,45.29999924,4.800000191,0.959999979
RelayLHHE4,1359.680054,7.489990234,1,0,6.139999866,8.800000191,59,32.29999924,3.690000057
StevHHHE1,1439.97998,6.852829933,1,0,3.880000114,5,22.70000076,6.5,0.360000014
StevHHHE2,1422.5,7.533380032,1,0,3.880000114,5,22.70000076,6.5,0.360000014
StevHHHE3,1459.140015,7.403639793,1,0,3.880000114,5,22.70000076,6.5,0.360000014
StevHHHE4,1386.47998,7.477739811,1,0,3.880000114,5,22.70000076,6.5,0.360000014
StevHHLE1,1386.780029,7.079949856,1,0,3.880000114,5,22.70000076,6.5,0.360000014
StevHHLE2,1397.890015,7.205760002,1,0,3.880000114,5,22.70000076,6.5,0.360000014
StevHHLE3,1368.349976,7.143149853,1,0,3.880000114,5,22.70000076,6.5,0.360000014
StevHHLE4,1376.01001,7.2490201,1,0,3.880000114,5,22.70000076,6.5,0.360000014
StevLHHE1,1351.27002,6.40666008,1,0,3.880000114,5,22.70000076,6.5,0.360000014
StevLHHE2,1372,7.051370144,1,0,3.880000114,5,22.70000076,6.5,0.360000014
StevLHHE3,1406.699951,6.666830063,1,0,3.880000114,5,22.70000076,6.5,0.360000014
StevLHHE4,1403.976074,6.914390087,1,0,3.880000114,5,22.70000076,6.5,0.360000014
StevLHLE1,1408.079956,7.049739838,1,0,3.880000114,5,22.70000076,6.5,0.360000014
StevLHLE2,1396.630005,6.846960068,1,0,3.880000114,5,22.70000076,6.5,0.360000014
StevLHLE3,1337.76001,6.946310043,1,0,3.880000114,5,22.70000076,6.5,0.360000014
StevLHLE4,1346.01001,6.993319988,1,0,3.880000114,5,22.70000076,6.5,0.360000014
