PlotID,pet,WindExposure,temperature
StevHHLE1,6.401758671,0.758546293,4.015808105
RelayHHLE1,7.371587276,0.830130339,2.817315578
MonHHHE1,7.51429987,0.67552644,3.16562438
RelayHHLE2,6.975243568,0.930213273,2.578948021
StevHHLE4,6.414341927,0.73730129,4.104717731
RelayHHLE3,6.538974285,0.914320827,2.329825878
RelayLHLE1,7.175093651,0.399462283,2.281505346
RelayLHLE2,7.110790253,0.472498059,2.354589224
RelayLHLE3,7.077008724,0.401757777,2.412886381
RelayHHHE2,7.561152458,0.786046505,2.506247759
RelayLHHE2,6.820058823,0.388405681,1.714333415
RelayHHHE1,7.753647804,0.961897731,2.02601552
MonLHHE1,6.666634083,0.353711128,3.165401459
FreelHHHE1,7.021543026,0.750050366,3.016946077
FreelLHHE1,6.805885315,0.174897909,2.795899153
FreelHHHE2,6.850504398,0.741973042,4.008297443
FreelLHHE2,6.157738686,0.258327067,2.853988171
FreelHHHE3,7.238990307,0.996969283,2.713131666
FreelLHHE3,6.289672852,0.18053329,2.656450748
FreelLHLE1,6.095659256,0.255474329,4.188590527
MonHHLE1,7.546592712,0.77151978,5.752605438
MonHHLE2,7.042263031,0.805353463,6.138085365
MonLHLE1,7.46822834,0.413616836,5.140715599
MonHHLE3,6.664845467,0.515172124,6.42079401
MonHHLE4,6.795693398,0.867304087,4.777173519
MonLHLE2,6.068676949,0.013275802,4.480020523
MonLHHE4,6.604234219,0.4365502,2.681394577
MonHHHE4,7.719390869,0.765457869,2.997611046
MonLHLE3,6.101413727,0.25559622,4.953653812
MonLHLE4,6.308770657,0.027784705,4.701905251
StevLHLE1,6.000483036,0.429404676,3.932524443
StevHHLE2,6.2230196,0.574252844,3.859994173
StevLHLE2,5.17533493,0.383052886,3.845425129
MonLHHE2,7.059621334,0.307583928,3.203863382
MonLHHE3,7.091769218,0.41019845,3.067683458
MonHHHE2,7.273890495,0.700311124,2.734899044
MonHHHE3,8.456384659,0.847807229,2.582129717
StevLHLE3,5.766999245,0.099661767,4.317087173
StevLHLE4,5.512610912,0.088900149,4.157505035
StevLHHE1,5.177277565,0.495367765,4.174451351
StevLHHE2,5.770809174,0.214963853,3.98277235
StevLHHE3,6.278040886,0.335444987,3.673902988
StevLHHE4,5.608125687,0.393053889,
StevHHLE3,6.042626858,0.536115646,3.918450356
FreelHHLE1,6.67898798,0.784116447,3.707299232
FreelLHLE4,6.021790028,0.150180221,4.747584343
FreelLHLE2,5.236545563,0.065325499,3.017907381
FreelLHLE3,6.373093605,0.192474186,3.880844593
RelayLHHE1,6.384746075,0.386460602,2.033532619
RelayHHHE3,7.849802017,0.919176817,2.242576361
RelayLHHE3,7.313624859,0.318010449,2.21451211
RelayHHHE4,7.317751408,0.711586177,2.579143286
RelayHHLE4,6.936841011,0.851387858,2.388171434
RelayLHLE4,7.10820961,0.21311444,2.395560741
FreelHHLE3,6.124537945,0.625725806,3.266707897
RelayLHHE4,7.097383022,0.359282017,2.418392181
FreelLHHE4,5.358599186,0.414816439,3.6952703
FreelHHHE4,8.18767643,0.856785655,3.392444134
FreelHHLE2,7.166939259,0.839640975,3.573167086
FreelHHLE4,7.106345654,0.577444375,4.193834782
StevHHHE1,5.231964111,0.48224926,3.484354019
StevHHHE2,7.181568623,0.983137488,3.729088783
StevHHHE3,6.420731068,0.560061991,3.553514004
StevHHHE4,7.284944534,0.9627949,3.959302187
