"PLOTID","site","count_dead_wbp","count_live_wbp","avg_rust","cwd","aet","precip","spring_avg_temp","count_wbp_beetle","count_wbp_nobeetle","heat_value","nonwbp_conifer_basal_area","wbp_basal_area","prop_notwbp_beetle","WindExposure","Ribes","Castilleja","elevm_value"
"FreelHHHE1","Freel Peak",2,35,0.0540540540540541,5.17901992797852,1.84251999855042,925.8699951,-0.7619,7,30,1.01610004901886,18266.8219002244,9699.65160999522,0.001,0.750050366,0,0,2897.13989257812
"FreelHHHE2","Freel Peak",3,52,0.0545454545454545,5.01366996765137,1.83683001995087,859.0079956,1.31786666666667,6,49,0.993064999580383,0,6392.12788642445,0,0.741973042,0,0,2878.17993164062
"FreelHHHE3","Freel Peak",10,47,0,5.37161016464233,1.86738002300262,900.4180298,-0.0139,14,43,0.932750999927521,437.435361085843,15225.556008027,0.001,0.996969283,0,0,2918.669921875
"FreelHHHE4","Freel Peak",5,56,0,6.13515996932983,2.05252003669739,931.9429932,-1.40933333333333,5,56,1.0081000328064,0,8624.37083846941,0,0.856785655,0,0,3095.32006835938
"FreelHHLE1","Freel Peak",0,8,0,4.6423602104187,2.03662991523743,919.9450073,1.46823333333333,0,8,0.941900014877319,30141.6023078223,1451.54146966463,0.001,0.784116447,0,0,2662.10009765625
"FreelHHLE2","Freel Peak",0,39,0.41025641025641,5.16986989974976,1.99706995487213,895.0349731,0.930433333333333,2,37,1.06742000579834,13629.0064754543,2534.15000605494,0.001,0.839640975,0,0,2617.53002929688
"FreelHHLE3","Freel Peak",0,30,0.133333333333333,4.1018500328064,2.02268004417419,927.1190186,-0.872566666666667,0,30,0.975530028343201,8003.49002835882,2928.09001685183,0.001,0.625725806,0,0,2716.53002929688
"FreelHHLE4","Freel Peak",0,12,0,5.07367992401123,2.03266000747681,869.8150024,2.79443333333333,2,10,0.926756978034973,28245.7296811972,1009.79427266173,0.001,0.577444375,0,0,2615.81005859375
"FreelLHHE1","Freel Peak",2,37,0.0512820512820513,5.01709985733032,1.78878998756409,940.4630127,0.4324,2,37,0.742056012153625,4377.55803536509,20945.665809922,0.001,0.174897909,0,0,2875.30004882812
"FreelLHHE2","Freel Peak",1,142,0.034965034965035,4.37469005584717,1.78304994106293,924.6669922,-0.7619,5,138,0.665149986743927,668.664434371686,1495.81436413534,0.001,0.258327067,0,0,2987.5400390625
"FreelLHHE3","Freel Peak",0,39,0,4.47228002548218,1.81738996505737,918.7849731,0.904066666666667,0,39,0.497482001781464,1129.00985988383,351.842669238789,0.001,0.18053329,0,0,2904.06005859375
"FreelLHHE4","Freel Peak",2,230,0.0560344827586207,3.06823992729187,2.29035997390747,936.5809937,-1.40933333333333,3,229,0.748712003231049,728.590314238911,3191.72461835945,0.001,0.414816439,0,0,3066.72998046875
"FreelLHLE1","Freel Peak",1,23,0.0833333333333333,4.27010011672974,1.82555997371674,880.5460205,1.3627,1,23,0.643419027328491,33911.2071868463,6056.55081314962,0.181818181818182,0.255474329,0,0,2718.23999023438
"FreelLHLE2","Freel Peak",0,11,0.0909090909090909,3.27444005012512,1.9621000289917,882.8510132,-0.0139,0,11,0.485404998064041,16832.3078627422,700.056798962682,0.192307692307692,0.065325499,0,0,2676.8701171875
"FreelLHLE3","Freel Peak",0,16,0.3125,4.58616018295288,1.78692996501923,865.4039917,1.6343,0,16,0.626039981842041,9440.02253912092,1036.81196948261,0.0517241379310345,0.192474186,0,0,2652.06005859375
"FreelLHLE4","Freel Peak",0,4,0,4.25692987442017,1.76486003398895,855.875,1.6343,0,4,0.635927975177765,13972.1469330426,3826.65620161322,0.001,0.150180221,0,0,2570.75
"MonHHHE1","Monument Peak",28,210,0.617647058823529,5.82796001434326,1.68633997440338,859.0839844,0.4031,43,195,1.00384998321533,0,37371.4515832897,0,0.67552644,0,0,2968.38989257812
"MonHHHE2","Monument Peak",12,204,0.0231481481481482,5.6496000289917,1.62428998947144,863.7219849,-0.149033333333333,12,204,1.014279961586,0,28339.7496953375,0,0.700311124,0,0,2994.22998046875
"MonHHHE3","Monument Peak",9,51,0.233333333333333,6.81025981903076,1.64611995220184,880.3330078,-0.187133333333333,12,48,0.992904007434845,0,8368.44884692635,0.999,0.847807229,0,0,3015.21997070312
"MonHHHE4","Monument Peak",13,112,0,6.06451988220215,1.65487003326416,868.9060059,-0.187133333333333,2,123,1.0405900478363,0,41698.665596381,0,0.765457869,0,0,2916.2099609375
"MonHHLE1","Monument Peak",1,19,0.3,5.93979978561401,1.60678994655609,856.8560181,2.2302,2,18,1.0468100309372,23003.9352147928,1517.08294640014,0.2,0.77151978,0,0,2534.65991210938
"MonHHLE2","Monument Peak",0,9,0.111111111111111,5.51782989501953,1.5244300365448,833.7969971,2.2302,0,9,1.09191000461578,24974.2086094366,1334.92555036337,0.0454545454545455,0.805353463,0,0,2542.5
"MonHHLE3","Monument Peak",1,28,0.137931034482759,5.1135401725769,1.55130004882812,827.1229858,2.57183333333333,4,25,0.799260973930359,17465.951393008,1919.80370866382,0.135135135135135,0.515172124,0,0,2534.42993164062
"MonHHLE4","Monument Peak",0,30,0,5.15319013595581,1.64251005649567,875.4730225,2.2302,21,9,0.99209201335907,0,16958.6627192696,0,0.867304087,0,0,2669.3701171875
"MonLHHE1","Monument Peak",4,112,0.810344827586207,5.09052991867065,1.5760999917984,847.9710083,0.4031,4,112,0.74576997756958,0,25873.5130684716,0,0.353711128,0,0,2895.169921875
"MonLHHE2","Monument Peak",8,61,0.246376811594203,5.56999015808105,1.48962998390198,842.9990234,0.761033333333333,5,64,0.735818982124329,3514.25622814025,22810.5623329827,0.001,0.307583928,0,0,2878.580078125
"MonLHHE3","Monument Peak",24,129,0.0588235294117647,5.59118986129761,1.50057995319366,860.8670044,0.761033333333333,26,127,0.785857975482941,506.707479097498,26790.9759330443,0.636363636363636,0.41019845,0,0,2936.7099609375
"MonLHHE4","Monument Peak",11,103,0.0789473684210526,5.04567003250122,1.55856001377106,867.9000244,-0.149033333333333,20,94,0.784263014793396,0,36190.1891835951,0,0.4365502,0,0,2976.93994140625
"MonLHLE1","Monument Peak",0,11,0,5.92365980148315,1.54456996917725,859.5170288,2.2302,1,10,0.780438005924225,23955.2330322447,7886.48140997587,0.001,0.413616836,0,0,2614.23999023438
"MonLHLE2","Monument Peak",0,18,0.0555555555555556,4.49770021438599,1.5709799528122,862.7470093,2.2302,0,18,0.567463994026184,15957.5470963134,3288.15580486139,0.117647058823529,0.013275802,0,0,2648.18994140625
"MonLHLE3","Monument Peak",3,33,0.138888888888889,4.59848022460938,1.50294005870819,813.3599854,2.26423333333333,5,31,0.573529005050659,1493.27752806757,8820.90887487798,0.2,0.25559622,0,0,2700.63989257812
"MonLHLE4","Monument Peak",0,19,0,4.78283977508545,1.52593004703522,776.9459839,1.72583333333333,0,19,0.369300007820129,31775.4896690829,10085.933988699,0.157894736842105,0.027784705,0,0,2685.31005859375
"RelayHHHE1","Relay Peak",47,169,1.4212962962963,5.7727198600769,1.98091995716095,1523.01001,-0.171566666666667,40,176,0.966450989246368,1348.96061554329,34336.7359117751,0.999,0.961897731,0.016304347826087,0,2931.31005859375
"RelayHHHE2","Relay Peak",37,124,1.21739130434783,5.65031003952026,1.91084003448486,1507.359985,-0.212233333333333,45,116,1.02454996109009,0,69888.5141982525,0,0.786046505,0,0,2960.3701171875
"RelayHHHE3","Relay Peak",8,64,0.0277777777777778,5.83936977386475,2.01043009757996,1315.300049,-0.6437,31,41,1.03861999511719,0,48166.8828568754,0.001,0.919176817,0.00602409638554217,0,2999.25
"RelayHHHE4","Relay Peak",12,91,0.0970873786407767,5.48034000396729,1.83741998672485,1456.540039,-0.212233333333333,18,85,1.00375998020172,7944.0746572978,33799.1465768928,0.214285714285714,0.711586177,0,0,2871.38989257812
"RelayHHLE1","Relay Peak",6,27,1.45454545454546,5.5160698890686,1.85550999641419,1379.689941,0.593533333333333,1,32,0.972027003765106,28696.9959039405,6121.95877219736,0.0344827586206896,0.830130339,0,0,2734.2900390625
"RelayHHLE2","Relay Peak",22,15,1.2,5.10478019714355,1.87046003341675,1380.73999,0.593533333333333,27,10,0.873853981494904,2869.95484479715,26712.8995016209,0.75,0.930213273,0.0147058823529412,0,2722.14990234375
"RelayHHLE3","Relay Peak",6,52,1.31034482758621,4.67338991165161,1.86557996273041,1368.930054,0.593533333333333,15,43,0.972864985466003,5160.8199157581,9965.04550338885,0.111111111111111,0.914320827,0,0,2699.2900390625
"RelayHHLE4","Relay Peak",4,29,0.121212121212121,4.94110012054443,1.99574995040894,1326.51001,-0.383966666666667,5,28,0.959985017776489,41952.9696677075,11103.7000527192,0.142857142857143,0.851387858,0.0145631067961165,0,2715.05004882812
"RelayLHHE1","Relay Peak",2,51,0.0377358490566038,4.18829011917114,2.19644999504089,1316.170044,-0.6437,2,51,0.68036299943924,200.252969721447,840.29749501893,0.001,0.386460602,0,0,3038.51000976562
"RelayLHHE2","Relay Peak",12,21,1.48484848484849,4.95280981063843,1.86724996566773,1438.469971,-0.00539999999999992,16,17,0.738991975784302,21732.1792387115,55893.1980193897,0.75,0.388405681,0,0,2882.830078125
"RelayLHHE3","Relay Peak",8,22,0.133333333333333,5.23613977432251,2.07748007774353,1349.72998,-0.766033333333333,15,15,0.759984016418457,593.219086795727,32008.6508218507,0.001,0.318010449,0,0,3024.1201171875
"RelayLHHE4","Relay Peak",6,115,0.00826446280991736,5.02973985671997,2.06764006614685,1359.680054,-0.766033333333333,18,103,0.721204996109009,0,35396.5050695738,0,0.359282017,0,0,2992.6201171875
"RelayLHLE1","Relay Peak",1,43,1.40909090909091,5.28519010543823,1.88990998268127,1362.839966,0.593533333333333,0,44,0.763387024402618,3643.53276583547,5857.32671502222,0.001,0.399462283,0,0,2704.73999023438
"RelayLHLE2","Relay Peak",0,52,0.615384615384615,5.30090999603271,1.80988001823425,1346.349976,0.593533333333333,0,52,0.820820987224579,21267.5298312639,8619.50136985634,0.001,0.472498059,0,0,2720.7099609375
"RelayLHLE3","Relay Peak",3,37,1.5,5.25496006011963,1.8220499753952,1341.780029,-0.383966666666667,0,40,0.797857999801636,19579.7720099759,7021.17683743436,0.001,0.401757777,0,0,2702.669921875
"RelayLHLE4","Relay Peak",0,4,0,5.34388017654419,1.76433002948761,1287.27002,-0.383966666666667,1,3,0.499181985855102,17756.7764789325,8073.61823036858,0.04,0.21311444,0,0,2687.98999023438
"StevHHHE1","Stevens Peak",5,70,0.0533333333333333,2.50590991973877,2.72604990005493,1439.97998,0.2639,14,61,0.831187009811401,4433.76898191945,12028.5063901197,0.001,0.48224926,0,0,2862.35009765625
"StevHHHE2","Stevens Peak",6,13,0.631578947368421,4.89374017715454,2.28783011436462,1422.5,-0.00323333333333335,9,10,0.922426998615265,6538.1019890735,5269.9352825989,0.25,0.983137488,0,0,2835.68994140625
"StevHHHE3","Stevens Peak",4,89,0.451612903225806,4.04642009735107,2.37431001663208,1459.140015,0.0296666666666666,7,86,0.874448001384735,11630.6158265609,16906.7007767792,0.0434782608695652,0.560061991,0,0,2868.35009765625
"StevHHHE4","Stevens Peak",37,55,0.0326086956521739,4.99483013153076,2.29011011123657,1386.47998,-0.00323333333333335,43,49,0.969995021820068,0,28217.3689535169,0,0.9627949,0,0,2810.25
"StevHHLE1","Stevens Peak",9,8,0.176470588235294,3.85984992980957,2.54190993309021,1386.780029,0.2489,9,8,1.02155005931854,9357.96413900916,4392.17429518592,0.12,0.758546293,0.055793991416309,0.0128755364806867,2640.55004882812
"StevHHLE2","Stevens Peak",1,35,0.222222222222222,3.67466998100281,2.5483500957489,1397.890015,1.07313333333333,1,35,0.880385994911194,20378.4355483531,13950.9647445758,0.0714285714285714,0.574252844,0.0196850393700787,0,2626.97998046875
"StevHHLE3","Stevens Peak",0,22,0,3.40703010559082,2.63559007644653,1368.349976,0.244933333333333,1,21,0.871863007545471,4767.02913061225,9121.24513256117,0.001,0.536115646,0,0,2703.169921875
"StevHHLE4","Stevens Peak",8,17,0.32,3.89524006843567,2.51910996437073,1376.01001,-0.00323333333333335,15,10,0.961848974227905,4265.59167319115,7722.64735309116,0.001,0.73730129,0.056140350877193,0.00350877192982456,2642.71997070312
"StevLHHE1","Stevens Peak",7,120,0.19047619047619,2.3266499042511,2.85062003135681,1351.27002,0.636433333333333,9,118,0.832301020622253,8550.13500406508,14201.41251092,0.001,0.495367765,0.00515463917525773,0,2850.68994140625
"StevLHHE2","Stevens Peak",3,141,0.0625,3.1900999546051,2.58070993423462,1372,0.636433333333333,6,138,0.644586980342865,944.747596769157,41032.2631087199,0.001,0.214963853,0,0,2871.57006835938
"StevLHHE3","Stevens Peak",35,117,0.164473684210526,3.86196994781494,2.41606998443604,1406.699951,0.244933333333333,58,94,0.666997015476227,4.1547562843725,29245.5336892205,0.001,0.335444987,0.0197628458498024,0,2871.13989257812
"StevLHHE4","Stevens Peak",36,174,0.0571428571428571,3.01242995262146,2.59569001197815,1403.976074,-0.548266666666667,48,162,0.763814985752106,0,30188.6162418833,0,0.393053889,0,0,2942.3701171875
"StevLHLE1","Stevens Peak",12,31,0,3.3491199016571,2.65136003494263,1408.079956,0.2489,13,30,0.806393027305603,26676.0250578494,21583.6368840681,0.0212765957446809,0.429404676,0.0152284263959391,0,2677.28002929688
"StevLHLE2","Stevens Peak",2,21,0.130434782608696,2.40119004249573,2.77413988113403,1396.630005,1.07313333333333,2,21,0.753017008304596,33724.8400566538,4300.23558617861,0.0714285714285714,0.383052886,0.027972027972028,0,2645.61010742188
"StevLHLE3","Stevens Peak",4,49,0,3.06510996818542,2.70188999176025,1337.76001,1.45393333333333,2,51,0.569598972797394,3929.52765305501,12008.1174537979,0.001,0.099661767,0,0,2724.86010742188
"StevLHLE4","Stevens Peak",14,148,0.419753086419753,2.83072996139526,2.68187999725342,1346.01001,0.636433333333333,18,144,0.555494010448456,16875.9445847006,41074.0462910127,0.263157894736842,0.088900149,0,0,2765.78002929688
