PlotID,pet,WindExposure,temperature,aet,cwd,precip,Solar,precip_01,precip_02,precip_03,precip_04,precip_05,precip_06,precip_07,precip_08,precip_09,precip_10,precip_11,precip_12,tmax_01,tmax_02,tmax_03,tmax_04,tmax_05,tmax_06,tmax_07,tmax_08,tmax_09,tmax_10,tmax_11,tmax_12,tmean_01,tmean_02,tmean_03,tmean_04,tmean_05,tmean_06,tmean_07,tmean_08,tmean_09,tmean_10,tmean_11,tmean_12,tmin_01,tmin_02,tmin_03,tmin_04,tmin_05,tmin_06,tmin_07,tmin_08,tmin_09,tmin_10,tmin_11,tmin_12
StevHHLE1,6.401758671,0.758546293,4.015808105,2.54191,3.85985,1386.780029,7.07995,262.937,234.602,216.796,126.652,83.5039,29.8409,11.6979,11.887,22.135,90.7529,139.168,245.233,3.21656,5.72502,10.0412,15.4525,20.352,20.2138,16.9973,11.4227,1.60833,1.19987,9.38599,4.95056,-3.3922,-3.9375,-2.481,-0.4594,3.6871,8.6453,13.1978,13.0469,10.2976,5.0526,-0.2276,-3.6877,-9.0198,-7.94231,-6.46262,-2.49089,1.99907,6.24133,6.07234,3.82172,-1.14625,-5.18483,-8.36879,-2.55614
RelayHHLE1,7.371587276,0.830130339,2.817315578,1.85551,5.51607,1379.689941,7.49784,256.413,247.084,227.278,130.671,80.3119,26.826,8.196,10.1599,17.135,59.5239,142.502,308.134,3.08584,5.43437,10.0161,15.4501,20.8944,20.5243,16.8688,10.8071,1.60236,1.03836,9.32037,4.78439,-2.9695,-3.5176,-2.2033,-0.2177,4.2016,9.1788,14.3021,13.9558,10.4516,5.1278,-0.0162,-3.372,-8.37995,-7.47445,-5.85709,-1.60684,2.92175,7.70063,7.37781,4.03647,-0.551219,-4.82741,-7.78706,-1.8337
MonHHHE1,7.51429987,0.67552644,3.16562438,1.68634,5.82796,859.083984,7.00391,149.372,128.99,135.375,79.1549,61.3729,23.3379,9.401,9.3009,15.0859,47.1409,82.6709,152.192,3.13744,5.82618,10.1535,15.599,20.6477,20.3154,16.9427,11.3258,1.84439,1.44102,9.48962,5.01534,-2.9435,-3.5767,-2.3443,-0.3681,3.9217,8.9602,13.796,13.3999,10.1066,5.1428,-0.0139,-3.2172,-8.50231,-7.56614,-6.21949,-2.05147,2.46198,6.97286,6.53689,3.47852,-0.862217,-4.80888,-7.64353,-2.14163
RelayHHLE2,6.975243568,0.930213273,2.578948021,1.87046,5.10478,1380.73999,7.5307,256.413,247.084,227.278,130.671,80.3119,26.826,8.196,10.1599,17.135,59.5239,142.502,308.134,3.08584,5.43437,10.0161,15.4501,20.8944,20.5243,16.8688,10.8071,1.60236,1.03836,9.32037,4.78439,-2.9695,-3.5176,-2.2033,-0.2177,4.2016,9.1788,14.3021,13.9558,10.4516,5.1278,-0.0162,-3.372,-8.37995,-7.47445,-5.85709,-1.60684,2.92175,7.70063,7.37781,4.03647,-0.551219,-4.82741,-7.78706,-1.8337
StevHHLE4,6.414341927,0.73730129,4.104717731,2.51911,3.89524,1376.01001,7.24902,267.66,237.328,220.73,129.52,86.65,30.4549,12.0979,12.4329,21.8379,91.0249,140.657,251.621,3.49368,5.83565,10.1406,15.6236,20.532,20.3043,17.1023,11.5094,1.98346,1.58529,9.60191,5.31621,-3.1459,-3.8705,-2.6136,-0.7683,3.3722,8.4451,13.0259,12.7768,10.0404,4.8048,-0.1306,-3.327,-8.85964,-7.7994,-6.22565,-2.25253,2.15884,6.48786,6.27394,4.20127,-0.957031,-5.00682,-8.23769,-2.35915
RelayHHLE3,6.538974285,0.914320827,2.329825878,1.86558,4.67339,1368.930054,7.31012,256.413,247.084,227.278,130.671,80.3119,26.826,8.196,10.1599,17.135,59.5239,142.502,308.134,3.08584,5.43437,10.0161,15.4501,20.8944,20.5243,16.8688,10.8071,1.60236,1.03836,9.32037,4.78439,-2.9695,-3.5176,-2.2033,-0.2177,4.2016,9.1788,14.3021,13.9558,10.4516,5.1278,-0.0162,-3.372,-8.37995,-7.47445,-5.85709,-1.60684,2.92175,7.70063,7.37781,4.03647,-0.551219,-4.82741,-7.78706,-1.8337
RelayLHLE1,7.175093651,0.399462283,2.281505346,1.88991,5.28519,1362.839966,7.07018,256.413,247.084,227.278,130.671,80.3119,26.826,8.196,10.1599,17.135,59.5239,142.502,308.134,3.08584,5.43437,10.0161,15.4501,20.8944,20.5243,16.8688,10.8071,1.60236,1.03836,9.32037,4.78439,-2.9695,-3.5176,-2.2033,-0.2177,4.2016,9.1788,14.3021,13.9558,10.4516,5.1278,-0.0162,-3.372,-8.37995,-7.47445,-5.85709,-1.60684,2.92175,7.70063,7.37781,4.03647,-0.551219,-4.82741,-7.78706,-1.8337
RelayLHLE2,7.110790253,0.472498059,2.354589224,1.80988,5.30091,1346.349976,7.03451,256.413,247.084,227.278,130.671,80.3119,26.826,8.196,10.1599,17.135,59.5239,142.502,308.134,3.08584,5.43437,10.0161,15.4501,20.8944,20.5243,16.8688,10.8071,1.60236,1.03836,9.32037,4.78439,-2.9695,-3.5176,-2.2033,-0.2177,4.2016,9.1788,14.3021,13.9558,10.4516,5.1278,-0.0162,-3.372,-8.37995,-7.47445,-5.85709,-1.60684,2.92175,7.70063,7.37781,4.03647,-0.551219,-4.82741,-7.78706,-1.8337
RelayLHLE3,7.077008724,0.401757777,2.412886381,1.82205,5.25496,1341.780029,7.04037,249.503,235.648,217.427,125.062,80.3119,26.826,7.9109,9.802,16.6029,57.5019,138.688,294.346,2.44086,4.66482,9.22933,14.6958,20.2532,19.8561,16.1891,10.2018,0.988626,0.427958,8.65652,4.18861,-3.733,-4.313,-3.0325,-1.2892,3.1698,8.2358,13.5052,13.1394,9.5702,4.3147,-0.7694,-4.1495,-8.7562,-7.88647,-6.43162,-2.15181,2.40642,7.20494,6.89377,3.50564,-1.02441,-5.15984,-8.12374,-2.28457
RelayHHHE2,7.561152458,0.786046505,2.506247759,1.91084,5.65031,1507.359985,7.28578,267.639,252.45,235.782,129.405,83.762,28.545,8.307,9.8519,17.1479,63.5119,147.607,310.006,1.99939,4.22011,8.84054,14.3132,19.954,19.5459,15.8523,9.87757,0.467197,-0.10276,8.23427,3.63641,-3.6483,-4.1997,-2.8979,-1.1665,3.4277,8.4946,13.9554,13.5362,9.9382,4.577,-0.669,-4.063,-8.49074,-7.6776,-6.40865,-1.8742,2.76996,8.0015,7.58009,4.07787,-0.659968,-4.86759,-7.92181,-1.92624
RelayLHHE2,6.820058823,0.388405681,1.714333415,1.86725,4.95281,1438.469971,7.42388,271.793,257.535,241.129,134.967,84.2969,28.0599,8.4539,10.1518,17.3459,61.833,148.495,318.695,2.36964,4.7181,9.3215,14.7916,20.3365,19.9508,16.2833,10.2621,0.925395,0.377064,8.67738,4.10382,-3.473,-4.0354,-2.7701,-0.8551,3.609,8.6337,13.9069,13.5561,9.9912,4.6838,-0.5147,-3.8771,-8.65766,-7.8518,-6.36427,-2.03518,2.53781,7.54515,7.22853,3.76483,-0.838356,-5.08432,-8.08064,-2.13806
RelayHHHE1,7.753647804,0.961897731,2.02601552,1.98092,5.77272,1523.01001,7.53165,280.866,262.928,242.895,136.216,83.3399,28.2109,8.3698,9.8439,17.3369,61.8969,151.36,323.802,2.03881,4.32978,8.94942,14.4225,20.0323,19.6254,15.9409,9.9521,0.567533,0.012431,8.33577,3.80619,-3.5983,-4.1541,-2.8968,-1.0466,3.4287,8.4429,13.7431,13.3751,9.8007,4.5088,-0.6123,-4.006,-8.77318,-7.97371,-6.60433,-2.23544,2.36245,7.38897,7.03873,3.57792,-1.02229,-5.16207,-8.17169,-2.28978
MonLHHE1,6.666634083,0.353711128,3.165401459,1.5761,5.09053,847.971008,7.16665,149.372,128.99,135.375,79.1549,61.3729,23.3379,9.401,9.3009,15.0859,47.1409,82.6709,152.192,3.13744,5.82618,10.1535,15.599,20.6477,20.3154,16.9427,11.3258,1.84439,1.44102,9.48962,5.01534,-2.9435,-3.5767,-2.3443,-0.3681,3.9217,8.9602,13.796,13.3999,10.1066,5.1428,-0.0139,-3.2172,-8.50231,-7.56614,-6.21949,-2.05147,2.46198,6.97286,6.53689,3.47852,-0.862217,-4.80888,-7.64353,-2.14163
FreelHHHE1,7.021543026,0.750050366,3.016946077,1.84252,5.17902,925.869995,7.33094,162.66,144.473,136.54,75.5938,61.2159,23.2799,13.038,13.4289,17.2239,53.465,93.5219,162.417,2.35455,4.70675,9.20347,14.7906,19.9136,19.545,16.1085,10.5374,1.39486,1.11726,8.75203,4.51266,-3.6233,-4.5543,-3.3546,-1.5848,2.6537,7.732,12.4045,11.9684,8.9282,3.9814,-0.772,-3.761,-9.48187,-8.57024,-7.36596,-3.43347,1.08306,5.27692,4.80047,2.38394,-2.18785,-5.64837,-8.26698,-3.30367
FreelLHHE1,6.805885315,0.174897909,2.795899153,1.78879,5.0171,940.463013,7.57711,168.339,149.557,141.635,77.9619,56.6099,24.1919,10.6349,11.3079,15.7189,55.6339,96.6739,167.932,3.05134,5.37026,9.71825,15.1983,20.2571,19.9243,16.5331,10.9487,2.02466,1.68638,9.28556,5.13831,-2.7416,-3.4384,-2.1821,-0.3157,3.795,8.6848,13.2966,12.937,9.871,4.9389,0.1398,-2.9933,-9.2281,-8.26039,-6.93596,-3.03964,1.38542,5.54418,5.11061,2.67937,-1.85838,-5.45699,-8.11694,-3.01912
FreelHHHE2,6.850504398,0.741973042,4.008297443,1.83683,5.01367,859.007996,7.31268,147.328,131.997,127.235,68.8649,53.979,20.8319,9.4239,11.1239,14.9829,48.3769,84.7149,147.075,4.50077,6.61115,10.8632,16.1629,21.1227,20.8503,17.5709,11.9233,2.86739,2.36718,10.3055,6.0521,-2.257,-2.6778,-1.2849,0.5331,4.7054,9.4744,14.1076,13.8038,10.8896,5.7508,0.6868,-2.6195,-8.28108,-7.26723,-5.64629,-1.56492,2.79002,7.08397,6.73858,4.1269,-0.478263,-4.69953,-7.61943,-1.85371
FreelLHHE2,6.157738686,0.258327067,2.853988171,1.78305,4.37469,924.666992,7.02359,162.66,144.473,136.54,75.5938,61.2159,23.2799,13.038,13.4289,17.2239,53.465,93.5219,162.417,2.35455,4.70675,9.20347,14.7906,19.9136,19.545,16.1085,10.5374,1.39486,1.11726,8.75203,4.51266,-3.6233,-4.5543,-3.3546,-1.5848,2.6537,7.732,12.4045,11.9684,8.9282,3.9814,-0.772,-3.761,-9.48187,-8.57024,-7.36596,-3.43347,1.08306,5.27692,4.80047,2.38394,-2.18785,-5.64837,-8.26698,-3.30367
FreelHHHE3,7.238990307,0.996969283,2.713131666,1.86738,5.37161,900.41803,7.5595,169.52,151.284,142.318,79.0569,54.1349,24.6709,10.1029,11.4419,15.7209,55.4729,97.8569,168.848,3.90838,5.98911,10.2862,15.6515,20.6545,20.3571,16.9983,11.423,2.54329,2.09639,9.82321,5.64995,-3.0443,-3.8305,-2.5856,-0.7906,3.3345,8.2776,12.8633,12.4909,9.8688,4.5507,-0.1851,-3.2486,-8.78328,-7.82013,-6.36988,-2.36869,1.99753,6.24116,5.91254,3.7174,-1.25454,-5.1367,-7.95781,-2.46703
FreelLHHE3,6.289672852,0.18053329,2.656450748,1.81739,4.47228,918.784973,6.52946,172.136,153.801,143.642,79.664,57.6329,24.9819,10.1679,11.578,15.4839,56.5569,99.985,171.005,3.35423,5.56568,9.90061,15.3564,20.3773,20.0648,16.6772,11.1181,2.15951,1.78876,9.45644,5.30236,-2.5299,-3.0193,-1.7161,0.129,4.2993,9.1458,13.8331,13.5034,10.4305,5.3916,0.3932,-2.8636,-9.11815,-8.1344,-6.70545,-2.75847,1.62973,5.8554,5.42791,3.13302,-1.60265,-5.41984,-8.13998,-2.82261
FreelLHLE1,6.095659256,0.255474329,4.188590527,1.82556,4.2701,880.546021,6.78512,158.448,140.121,136.077,74.7399,59.9379,22.121,11.2159,11.7578,15.5969,51.4349,90.221,157.89,4.26218,6.4272,10.7334,16.1404,21.1613,20.8663,17.4598,11.7697,2.89629,2.44524,10.245,6.09745,-2.1523,-2.6162,-1.3127,0.6044,4.7964,9.6324,14.3291,13.991,10.8905,5.7961,0.7826,-2.5079,-8.42496,-7.38906,-5.72236,-1.677,2.62523,7.00115,6.5862,3.76389,-0.668754,-4.88325,-7.73021,-2.00463
MonHHLE1,7.546592712,0.77151978,5.752605438,1.60679,5.9398,856.856018,6.91153,147.757,129.159,133.172,74.791,56.8099,21.9469,8.4468,9.1619,14.3859,45.3979,80.9639,151.08,5.09859,7.85248,12.1325,17.5251,22.4799,22.2121,18.827,13.0018,3.53167,3.02343,11.3107,6.68771,-1.874,-2.2335,-0.6391,1.5889,5.7408,10.7453,15.3524,15.1113,12.1003,6.8353,1.445,-2.0714,-7.47573,-6.26139,-4.7411,-0.761592,3.73104,7.96759,7.73515,5.13061,0.409995,-3.54702,-6.55231,-0.911136
MonHHLE2,7.042263031,0.805353463,6.138085365,1.52443,5.51783,833.796997,6.6159,147.757,129.159,133.172,74.791,56.8099,21.9469,8.4468,9.1619,14.3859,45.3979,80.9639,151.08,5.09859,7.85248,12.1325,17.5251,22.4799,22.2121,18.827,13.0018,3.53167,3.02343,11.3107,6.68771,-1.874,-2.2335,-0.6391,1.5889,5.7408,10.7453,15.3524,15.1113,12.1003,6.8353,1.445,-2.0714,-7.47573,-6.26139,-4.7411,-0.761592,3.73104,7.96759,7.73515,5.13061,0.409995,-3.54702,-6.55231,-0.911136
MonLHLE1,7.46822834,0.413616836,5.140715599,1.54457,5.92366,859.517029,7.1013,147.757,129.159,133.172,74.791,56.8099,21.9469,8.4468,9.1619,14.3859,45.3979,80.9639,151.08,5.09859,7.85248,12.1325,17.5251,22.4799,22.2121,18.827,13.0018,3.53167,3.02343,11.3107,6.68771,-1.874,-2.2335,-0.6391,1.5889,5.7408,10.7453,15.3524,15.1113,12.1003,6.8353,1.445,-2.0714,-7.47573,-6.26139,-4.7411,-0.761592,3.73104,7.96759,7.73515,5.13061,0.409995,-3.54702,-6.55231,-0.911136
MonHHLE3,6.664845467,0.515172124,6.42079401,1.5513,5.11354,827.122986,6.65491,148.101,129.484,131.416,71.7459,54.7319,21.062,8.1079,9.1309,13.4289,45.6829,77.5919,150.79,6.45484,9.36753,13.8002,19.2663,24.1171,23.8602,20.422,14.4359,4.27597,3.49548,12.6206,7.65556,-1.6524,-2.0337,-0.4034,1.9953,6.1236,10.9629,15.4495,15.397,12.8093,6.8618,1.2956,-2.3379,-6.25596,-4.86208,-3.40897,0.345854,4.71828,8.69739,8.88708,6.73625,1.31523,-3.00757,-6.13349,0.098391
MonHHLE4,6.795693398,0.867304087,4.777173519,1.64251,5.15319,875.473022,7.39303,147.757,129.159,133.172,74.791,56.8099,21.9469,8.4468,9.1619,14.3859,45.3979,80.9639,151.08,4.86384,7.50009,11.7528,17.1218,22.088,21.8142,18.4533,12.6574,3.28567,2.8261,10.9953,6.44513,-1.874,-2.2335,-0.6391,1.5889,5.7408,10.7453,15.3524,15.1113,12.1003,6.8353,1.445,-2.0714,-7.71791,-6.51947,-4.95569,-0.932068,3.61227,7.90528,7.57575,4.84995,0.328422,-3.69479,-6.74006,-1.09234
MonLHLE2,6.068676949,0.013275802,4.480020523,1.57098,4.4977,862.747009,6.97136,147.757,129.159,133.172,74.791,56.8099,21.9469,8.4468,9.1619,14.3859,45.3979,80.9639,151.08,4.86384,7.50009,11.7528,17.1218,22.088,21.8142,18.4533,12.6574,3.28567,2.8261,10.9953,6.44513,-1.874,-2.2335,-0.6391,1.5889,5.7408,10.7453,15.3524,15.1113,12.1003,6.8353,1.445,-2.0714,-7.71791,-6.51947,-4.95569,-0.932068,3.61227,7.90528,7.57575,4.84995,0.328422,-3.69479,-6.74006,-1.09234
MonLHHE4,6.604234219,0.4365502,2.681394577,1.55856,5.04567,867.900024,6.90261,150.057,130.336,135.255,79.0099,61.2789,23.2078,9.7279,9.5439,15.2889,45.6549,83.6079,152.991,2.47952,4.87467,9.3924,14.9611,20.0918,19.7045,16.2668,10.6584,1.14627,0.861485,8.79003,4.29808,-3.3231,-4.0792,-2.7828,-0.9804,3.3161,8.3869,13.2547,12.8296,9.5172,4.5707,-0.4274,-3.5141,-9.03255,-8.14851,-6.95997,-2.87633,1.71015,6.32073,5.85198,2.66464,-1.62167,-5.23808,-7.95496,-2.76305
MonHHHE4,7.719390869,0.765457869,2.997611046,1.65487,6.06452,868.906006,7.16674,150.926,131.016,136.592,80.1169,62.34,23.5249,9.8099,9.55,15.3929,45.7579,84.3789,154.303,2.4973,5.03565,9.51692,15.0581,20.1677,19.7967,16.3778,10.7706,1.2284,0.902139,8.88049,4.37462,-3.3198,-4.1253,-2.8427,-1.0406,3.3219,8.3988,13.3016,12.8749,9.5526,4.5538,-0.4382,-3.5024,-8.90173,-8.01747,-6.82752,-2.57068,2.03781,6.7862,6.31003,3.01498,-1.36353,-5.11866,-7.85784,-2.52514
MonLHLE3,6.101413727,0.25559622,4.953653812,1.50294,4.59848,813.359985,6.3748,140.858,121.314,124.475,65.6729,51.374,20.3339,7.71,8.9699,13.689,43.2059,71.5819,138.213,5.31739,8.05606,12.3649,17.7687,22.7098,22.433,19.0275,13.1247,3.74232,3.28461,11.5401,7.021,-1.2486,-1.8319,-0.4888,1.5558,5.7257,10.6132,15.2457,14.9103,11.7893,6.6458,1.7004,-1.5463,-7.20824,-6.07221,-4.55834,-0.552384,3.79932,8.05428,7.7186,5.18281,0.429116,-3.64403,-6.5471,-0.812084
MonLHLE4,6.308770657,0.027784705,4.701905251,1.52593,4.78284,776.945984,6.0028,137.019,121.314,120.106,65.3089,51.2449,20.3339,7.6759,9.09,13.1139,43.2059,71.373,138.184,4.9615,7.39931,11.7597,17.1414,22.16,21.849,18.4122,12.5507,3.28943,2.80284,11.0023,6.53185,-1.9686,-2.4486,-1.0556,0.9936,5.2395,10.0533,14.7925,14.4668,11.3213,6.151,0.9828,-2.2664,-7.83955,-6.67538,-4.8603,-0.740763,3.53577,7.92919,7.63552,4.8394,0.264897,-4.16635,-7.14956,-1.19011
StevLHLE1,6.000483036,0.429404676,3.932524443,2.65136,3.34912,1408.079956,7.04974,262.937,234.602,216.796,126.652,83.5039,29.8409,11.6979,11.887,22.135,90.7529,139.168,245.233,3.21656,5.72502,10.0412,15.4525,20.352,20.2138,16.9973,11.4227,1.60833,1.19987,9.38599,4.95056,-3.3922,-3.9375,-2.481,-0.4594,3.6871,8.6453,13.1978,13.0469,10.2976,5.0526,-0.2276,-3.6877,-9.0198,-7.94231,-6.46262,-2.49089,1.99907,6.24133,6.07234,3.82172,-1.14625,-5.18483,-8.36879,-2.55614
StevHHLE2,6.2230196,0.574252844,3.859994173,2.54835,3.67467,1397.890015,7.20576,250.668,222.88,206.99,120.738,81.2419,28.5399,11.5319,10.9549,21.0959,85.9929,132.097,236.968,4.29425,6.52455,10.7383,16.1508,21.0144,20.8072,17.6479,12.0153,2.29567,1.81332,10.1194,5.74729,-2.9259,-3.1423,-1.6141,0.3594,4.4741,9.3258,14.0185,13.8207,11.1175,5.7574,0.4772,-3.275,-8.54932,-7.3707,-5.65586,-1.64505,2.62811,7.15747,6.98342,4.72821,-0.365517,-4.68435,-8.28796,-1.92651
StevLHLE2,5.17533493,0.383052886,3.845425129,2.77414,2.40119,1396.630005,6.84696,250.668,222.88,206.99,120.738,81.2419,28.5399,11.5319,10.9549,21.0959,85.9929,132.097,236.968,4.29425,6.52455,10.7383,16.1508,21.0144,20.8072,17.6479,12.0153,2.29567,1.81332,10.1194,5.74729,-2.9259,-3.1423,-1.6141,0.3594,4.4741,9.3258,14.0185,13.8207,11.1175,5.7574,0.4772,-3.275,-8.54932,-7.3707,-5.65586,-1.64505,2.62811,7.15747,6.98342,4.72821,-0.365517,-4.68435,-8.28796,-1.92651
MonLHHE2,7.059621334,0.307583928,3.203863382,1.48963,5.56999,842.999023,7.3038,150.953,130.379,136.708,79.721,61.9179,23.4679,9.4069,9.347,15.177,45.4759,83.4598,153.68,3.08578,5.93208,10.2986,15.7369,20.8053,20.4448,17.0337,11.4075,1.6128,1.1867,9.48125,4.80274,-2.8049,-3.356,-2.0842,0.0239,4.3434,9.3293,14.2461,13.8441,10.5495,5.484,0.1583,-3.1057,-8.11654,-7.22669,-5.9235,-1.59097,2.99849,7.8306,7.36238,4.11172,-0.410424,-4.4651,-7.4095,-1.67313
MonLHHE3,7.091769218,0.41019845,3.067683458,1.50058,5.59119,860.867004,6.87022,150.953,130.379,136.708,79.721,61.9179,23.4679,9.4069,9.347,15.177,45.4759,83.4598,153.68,3.08578,5.93208,10.2986,15.7369,20.8053,20.4448,17.0337,11.4075,1.6128,1.1867,9.48125,4.80274,-2.8049,-3.356,-2.0842,0.0239,4.3434,9.3293,14.2461,13.8441,10.5495,5.484,0.1583,-3.1057,-8.11654,-7.22669,-5.9235,-1.59097,2.99849,7.8306,7.36238,4.11172,-0.410424,-4.4651,-7.4095,-1.67313
MonHHHE2,7.273890495,0.700311124,2.734899044,1.62429,5.6496,863.721985,7.16657,150.057,130.336,135.255,79.0099,61.2789,23.2078,9.7279,9.5439,15.2889,45.6549,83.6079,152.991,2.47952,4.87467,9.3924,14.9611,20.0918,19.7045,16.2668,10.6584,1.14627,0.861485,8.79003,4.29808,-3.3231,-4.0792,-2.7828,-0.9804,3.3161,8.3869,13.2547,12.8296,9.5172,4.5707,-0.4274,-3.5141,-9.03255,-8.14851,-6.95997,-2.87633,1.71015,6.32073,5.85198,2.66464,-1.62167,-5.23808,-7.95496,-2.76305
MonHHHE3,8.456384659,0.847807229,2.582129717,1.64612,6.81026,880.333008,7.36407,150.926,131.016,136.592,80.1169,62.34,23.5249,9.8099,9.55,15.3929,45.7579,84.3789,154.303,2.4973,5.03565,9.51692,15.0581,20.1677,19.7967,16.3778,10.7706,1.2284,0.902139,8.88049,4.37462,-3.3198,-4.1253,-2.8427,-1.0406,3.3219,8.3988,13.3016,12.8749,9.5526,4.5538,-0.4382,-3.5024,-8.90173,-8.01747,-6.82752,-2.57068,2.03781,6.7862,6.31003,3.01498,-1.36353,-5.11866,-7.85784,-2.52514
StevLHLE3,5.766999245,0.099661767,4.317087173,2.70189,3.06511,1337.76001,6.94631,259.909,246.93,231.098,135.513,93.0499,31.7969,10.4079,11.6939,20.3379,84.0059,125.806,268.508,4.8397,7.17973,11.4002,16.8241,21.689,21.4973,18.3058,12.6285,3.07704,2.59377,10.7967,6.45758,-2.457,-2.8055,-1.2634,0.7416,4.8836,9.6719,14.2677,14.1559,11.5956,5.9829,0.8154,-2.797,-8.19454,-6.93403,-5.29203,-1.25341,2.89545,7.24634,7.21721,5.14513,-0.277417,-4.46993,-7.80888,-1.61064
StevLHLE4,5.512610912,0.088900149,4.157505035,2.68188,2.83073,1346.01001,6.99332,274.412,245.573,221.199,129.593,89.679,30.8859,11.9729,12.1968,20.8979,91.914,141.966,255.507,3.55435,6.01181,10.2924,15.7659,20.6544,20.4374,17.2339,11.6232,1.85649,1.40621,9.65604,5.25088,-3.2038,-3.5586,-2.0819,-0.0795,4.0707,9.0126,13.5766,13.404,10.9696,5.3286,0.0451,-3.539,-9.08488,-7.92758,-6.39148,-2.36657,2.07308,6.2945,6.15421,4.474,-1.15953,-5.24112,-8.49548,-2.4975
StevLHHE1,5.177277565,0.495367765,4.174451351,2.85062,2.32665,1351.27002,6.40666,274.412,245.573,221.199,129.593,89.679,30.8859,11.9729,12.1968,20.8979,91.914,141.966,255.507,3.55435,6.01181,10.2924,15.7659,20.6544,20.4374,17.2339,11.6232,1.85649,1.40621,9.65604,5.25088,-3.2038,-3.5586,-2.0819,-0.0795,4.0707,9.0126,13.5766,13.404,10.9696,5.3286,0.0451,-3.539,-9.08488,-7.92758,-6.39148,-2.36657,2.07308,6.2945,6.15421,4.474,-1.15953,-5.24112,-8.49548,-2.4975
StevLHHE2,5.770809174,0.214963853,3.98277235,2.58071,3.1901,1372,7.05137,274.412,245.573,221.199,129.593,89.679,30.8859,11.9729,12.1968,20.8979,91.914,141.966,255.507,3.55435,6.01181,10.2924,15.7659,20.6544,20.4374,17.2339,11.6232,1.85649,1.40621,9.65604,5.25088,-3.2038,-3.5586,-2.0819,-0.0795,4.0707,9.0126,13.5766,13.404,10.9696,5.3286,0.0451,-3.539,-9.08488,-7.92758,-6.39148,-2.36657,2.07308,6.2945,6.15421,4.474,-1.15953,-5.24112,-8.49548,-2.4975
StevLHHE3,6.278040886,0.335444987,3.673902988,2.41607,3.86197,1406.699951,6.66683,274.377,241.616,222.947,131.115,88.749,30.8129,12.6729,12.4329,21.6609,92.8649,143.203,255.022,3.16935,5.79664,10.0891,15.5534,20.4593,20.2195,16.997,11.3962,1.59849,1.21214,9.40654,4.95543,-3.0399,-3.7149,-2.4292,-0.4753,3.6393,8.7053,13.2712,13.0248,10.2997,5.0578,0.0296,-3.3098,-8.70224,-7.68524,-6.33694,-2.38196,2.23778,6.45805,6.27319,4.24182,-0.951097,-4.869,-8.02511,-2.29498
StevLHHE4,5.608125687,0.393053889,,2.59569,3.01243,1403.976074,6.91439,259.749,225.881,214.206,125.692,82.7539,29.4709,12.4229,12.5439,21.8379,88.8479,137.249,244.184,2.54379,4.97878,9.37954,14.933,19.9291,19.6424,16.34,10.781,1.50421,1.20963,8.91339,4.69227,-3.2383,-4.2274,-3.0748,-1.3417,2.7717,7.8522,12.4589,12.1536,9.3087,4.1813,-0.4323,-3.309,-9.06843,-8.12792,-6.89438,-3.06802,1.53994,5.71454,5.42243,3.08266,-1.65817,-5.21159,-7.84265,-2.82884
StevHHLE3,6.042626858,0.536115646,3.918450356,2.63559,3.40703,1368.349976,7.14315,274.377,241.616,222.947,131.115,88.749,30.8129,12.6729,12.4329,21.6609,92.8649,143.203,255.022,3.16935,5.79664,10.0891,15.5534,20.4593,20.2195,16.997,11.3962,1.59849,1.21214,9.40654,4.95543,-3.0399,-3.7149,-2.4292,-0.4753,3.6393,8.7053,13.2712,13.0248,10.2997,5.0578,0.0296,-3.3098,-8.70224,-7.68524,-6.33694,-2.38196,2.23778,6.45805,6.27319,4.24182,-0.951097,-4.869,-8.02511,-2.29498
FreelHHLE1,6.67898798,0.784116447,3.707299232,2.03663,4.64236,919.945007,7.26363,162.722,150.707,143.135,76.8759,59.5309,22.3429,10.4829,11.7419,15.6069,54.4409,88.333,168.85,4.45699,6.75894,11.0106,16.3883,21.356,21.0997,17.7427,12.0816,3.20392,2.74527,10.5074,6.34741,-1.8062,-2.4663,-1.1793,0.743,4.841,9.7483,14.3751,14.0806,10.9867,5.9263,1.0721,-2.1589,-7.98146,-6.93851,-5.38024,-1.38232,2.9671,7.28401,6.95708,4.30034,-0.341769,-4.40178,-7.28005,-1.60409
FreelLHLE4,6.021790028,0.150180221,4.747584343,1.76486,4.25693,855.875,7.0596,159.731,142.75,133.96,69.0089,55.923,21.6259,9.8129,11.3179,15.6159,52.1639,91.581,159.754,4.56739,6.99601,11.2682,16.6083,21.5543,21.2765,17.9231,12.2294,2.91648,2.49068,10.5755,6.19105,-1.9034,-2.3044,-0.9519,0.8396,5.0152,9.8095,14.4822,14.2499,11.2837,6.0189,1.0157,-2.348,-7.50806,-6.5863,-5.04946,-1.02593,3.48378,7.84684,7.60033,4.89208,0.184408,-3.96929,-6.94244,-1.14245
FreelLHLE2,5.236545563,0.065325499,3.017907381,1.9621,3.27444,882.851013,6.37171,169.52,151.284,142.318,79.0569,54.1349,24.6709,10.1029,11.4419,15.7209,55.4729,97.8569,168.848,3.90838,5.98911,10.2862,15.6515,20.6545,20.3571,16.9983,11.423,2.54329,2.09639,9.82321,5.64995,-3.0443,-3.8305,-2.5856,-0.7906,3.3345,8.2776,12.8633,12.4909,9.8688,4.5507,-0.1851,-3.2486,-8.78328,-7.82013,-6.36988,-2.36869,1.99753,6.24116,5.91254,3.7174,-1.25454,-5.1367,-7.95781,-2.46703
FreelLHLE3,6.373093605,0.192474186,3.880844593,1.78693,4.58616,865.403992,6.83141,159.731,142.75,133.96,69.0089,55.923,21.6259,9.8129,11.3179,15.6159,52.1639,91.581,159.754,4.56739,6.99601,11.2682,16.6083,21.5543,21.2765,17.9231,12.2294,2.91648,2.49068,10.5755,6.19105,-1.9034,-2.3044,-0.9519,0.8396,5.0152,9.8095,14.4822,14.2499,11.2837,6.0189,1.0157,-2.348,-7.50806,-6.5863,-5.04946,-1.02593,3.48378,7.84684,7.60033,4.89208,0.184408,-3.96929,-6.94244,-1.14245
RelayLHHE1,6.384746075,0.386460602,2.033532619,2.19645,4.18829,1316.170044,7.03494,263.673,246.646,230.156,130.409,81.3319,27.6889,8.2969,9.7849,16.6959,60.6859,146.319,306.135,1.54565,3.55774,8.19948,13.744,19.4028,18.9892,15.3256,9.41029,0.040394,-0.547063,7.72825,3.23012,-3.9875,-4.5355,-3.261,-1.6304,2.9603,8.1058,13.5019,13.0614,9.5102,4.2088,-0.994,-4.4073,-8.8416,-8.04573,-6.80427,-2.30894,2.41872,7.52854,7.08738,3.62703,-1.03928,-5.19516,-8.2382,-2.31572
RelayHHHE3,7.849802017,0.919176817,2.242576361,2.01043,5.83937,1315.300049,7.20657,263.673,246.646,230.156,130.409,81.3319,27.6889,8.2969,9.7849,16.6959,60.6859,146.319,306.135,2.44086,4.66482,9.22933,14.6958,20.2532,19.8561,16.1891,10.2018,0.988626,0.427958,8.65652,4.18861,-3.9875,-4.5355,-3.261,-1.6304,2.9603,8.1058,13.5019,13.0614,9.5102,4.2088,-0.994,-4.4073,-8.7562,-7.88647,-6.43162,-2.15181,2.40642,7.20494,6.89377,3.50564,-1.02441,-5.15984,-8.12374,-2.28457
RelayLHHE3,7.313624859,0.318010449,2.21451211,2.07748,5.23614,1349.72998,7.60239,267.647,250.193,239.997,130.161,80.8769,27.4239,8.2709,9.6259,16.7989,60.2929,149.555,308.896,1.75104,3.89864,8.58605,14.1598,19.748,19.3635,15.7066,9.74204,0.227266,-0.32692,8.02137,3.42253,-4.1382,-4.7002,-3.4405,-1.7294,2.8718,8.0389,13.4261,12.998,9.4448,4.1308,-1.1436,-4.5399,-8.82589,-8.01638,-6.70698,-2.27388,2.41352,7.45567,7.03322,3.60314,-1.04973,-5.19385,-8.21803,-2.31241
RelayHHHE4,7.317751408,0.711586177,2.579143286,1.83742,5.48034,1456.540039,7.216,267.639,252.45,235.782,129.405,83.762,28.545,8.307,9.8519,17.1479,63.5119,147.607,310.006,1.99939,4.22011,8.84054,14.3132,19.954,19.5459,15.8523,9.87757,0.467197,-0.10276,8.23427,3.63641,-3.6483,-4.1997,-2.8979,-1.1665,3.4277,8.4946,13.9554,13.5362,9.9382,4.577,-0.669,-4.063,-8.49074,-7.6776,-6.40865,-1.8742,2.76996,8.0015,7.58009,4.07787,-0.659968,-4.86759,-7.92181,-1.92624
RelayHHLE4,6.936841011,0.851387858,2.388171434,1.99575,4.9411,1326.51001,7.48087,249.503,235.648,217.427,125.062,80.3119,26.826,7.9109,9.802,16.6029,57.5019,138.688,294.346,2.44086,4.66482,9.22933,14.6958,20.2532,19.8561,16.1891,10.2018,0.988626,0.427958,8.65652,4.18861,-3.733,-4.313,-3.0325,-1.2892,3.1698,8.2358,13.5052,13.1394,9.5702,4.3147,-0.7694,-4.1495,-8.7562,-7.88647,-6.43162,-2.15181,2.40642,7.20494,6.89377,3.50564,-1.02441,-5.15984,-8.12374,-2.28457
RelayLHLE4,7.10820961,0.21311444,2.395560741,1.76433,5.34388,1287.27002,6.25996,249.503,235.648,217.427,125.062,80.3119,26.826,7.9109,9.802,16.6029,57.5019,138.688,294.346,2.44086,4.66482,9.22933,14.6958,20.2532,19.8561,16.1891,10.2018,0.988626,0.427958,8.65652,4.18861,-3.733,-4.313,-3.0325,-1.2892,3.1698,8.2358,13.5052,13.1394,9.5702,4.3147,-0.7694,-4.1495,-8.7562,-7.88647,-6.43162,-2.15181,2.40642,7.20494,6.89377,3.50564,-1.02441,-5.15984,-8.12374,-2.28457
FreelHHLE3,6.124537945,0.625725806,3.266707897,2.02268,4.10185,927.119019,6.62514,166.862,148.607,139.885,76.8099,64.7119,23.9659,12.1189,12.1149,16.3509,55.3409,96.3659,166.893,2.94117,5.03834,9.42535,14.907,19.9459,19.63,16.2444,10.7111,1.79048,1.44487,9.03129,4.92301,-3.666,-4.6259,-3.4266,-1.6947,2.5036,7.5505,12.1792,11.7545,8.5632,3.8428,-0.8201,-3.8212,-9.44314,-8.50154,-7.10059,-3.10898,1.30777,5.58254,5.14359,2.24558,-1.93211,-5.71717,-8.43125,-3.18951
RelayLHHE4,7.097383022,0.359282017,2.418392181,2.06764,5.02974,1359.680054,7.48999,267.647,250.193,239.997,130.161,80.8769,27.4239,8.2709,9.6259,16.7989,60.2929,149.555,308.896,1.75104,3.89864,8.58605,14.1598,19.748,19.3635,15.7066,9.74204,0.227266,-0.32692,8.02137,3.42253,-4.1382,-4.7002,-3.4405,-1.7294,2.8718,8.0389,13.4261,12.998,9.4448,4.1308,-1.1436,-4.5399,-8.82589,-8.01638,-6.70698,-2.27388,2.41352,7.45567,7.03322,3.60314,-1.04973,-5.19385,-8.21803,-2.31241
FreelLHHE4,5.358599186,0.414816439,3.6952703,2.29036,3.06824,936.580994,6.70506,158.575,141.502,132.319,72.5369,62.8789,22.8199,11.4509,11.8589,16.3509,53.4459,92.068,160.296,1.94955,4.33157,8.78947,14.3652,19.4523,19.1056,15.6864,10.2039,1.01945,0.726671,8.36096,4.14554,-4.0282,-5.0605,-3.9564,-2.2356,1.964,7.0345,11.6372,11.2187,8.0777,3.337,-1.2062,-4.1312,-9.83599,-8.95386,-7.77639,-3.78862,0.749817,4.89684,4.42033,1.50454,-2.51641,-5.96156,-8.57589,-3.69835
FreelHHHE4,8.18767643,0.856785655,3.392444134,2.05252,6.13516,931.942993,7.67566,158.575,141.502,132.319,72.5369,62.8789,22.8199,11.4509,11.8589,16.3509,53.4459,92.068,160.296,1.94955,4.33157,8.78947,14.3652,19.4523,19.1056,15.6864,10.2039,1.01945,0.726671,8.36096,4.14554,-4.0282,-5.0605,-3.9564,-2.2356,1.964,7.0345,11.6372,11.2187,8.0777,3.337,-1.2062,-4.1312,-9.83599,-8.95386,-7.77639,-3.78862,0.749817,4.89684,4.42033,1.50454,-2.51641,-5.96156,-8.57589,-3.69835
FreelHHLE2,7.166939259,0.839640975,3.573167086,1.99707,5.16987,895.034973,6.92651,160.198,143.282,133.386,73.9,56.8869,21.9049,9.84,11.3989,15.3189,52.7789,93.54,159.051,5.12786,7.49719,11.8053,17.2222,22.1475,21.8955,18.5014,12.768,3.40709,2.88945,11.1224,6.75687,-2.5065,-2.9813,-1.6834,0.1484,4.3263,9.1552,13.8205,13.5073,10.4705,5.411,0.4189,-2.8564,-7.46717,-6.44323,-4.74925,-0.725734,3.68478,8.0009,7.77136,5.51226,0.349134,-3.99436,-7.074,-0.991118
FreelHHLE4,7.106345654,0.577444375,4.193834782,2.03266,5.07368,869.815002,6.92458,155.97,143.498,136.535,73.7859,58.3919,22.6169,9.9169,11.491,15.0859,52.8139,91.1269,163.685,5.12786,7.49719,11.8053,17.2222,22.1475,21.8955,18.5014,12.768,3.40709,2.88945,11.1224,6.75687,-1.1751,-1.3826,-0.033,2.1349,6.2814,11.2423,15.8225,15.6272,12.9723,7.2498,1.9891,-1.6022,-7.46717,-6.44323,-4.74925,-0.725734,3.68478,8.0009,7.77136,5.51226,0.349134,-3.99436,-7.074,-0.991118
StevHHHE1,5.231964111,0.48224926,3.484354019,2.72605,2.50591,1439.97998,6.85283,252.487,223.117,205.987,120.354,79.3509,28.3569,12.177,11.934,22.7339,86.2389,132.226,233.037,2.70499,5.26539,9.61562,15.1492,20.1229,19.8451,16.5517,10.9654,1.5323,1.20104,9.06444,4.75411,-3.308,-3.898,-2.4943,-0.4164,3.7024,8.7474,13.3172,13.0522,10.1741,5.0649,-0.1883,-3.6067,-9.19437,-8.19832,-6.87363,-2.99142,1.58083,5.7864,5.50037,3.0815,-1.59737,-5.36353,-8.20223,-2.88328
StevHHHE2,7.181568623,0.983137488,3.729088783,2.28783,4.89374,1422.5,7.53338,267.66,237.328,220.73,129.52,86.65,30.4549,12.0979,12.4329,21.8379,91.0249,140.657,251.621,3.49368,5.83565,10.1406,15.6236,20.532,20.3043,17.1023,11.5094,1.98346,1.58529,9.60191,5.31621,-3.1459,-3.8705,-2.6136,-0.7683,3.3722,8.4451,13.0259,12.7768,10.0404,4.8048,-0.1306,-3.327,-8.85964,-7.7994,-6.22565,-2.25253,2.15884,6.48786,6.27394,4.20127,-0.957031,-5.00682,-8.23769,-2.35915
StevHHHE3,6.420731068,0.560061991,3.553514004,2.37431,4.04642,1459.140015,7.40364,255.661,227.015,211.007,122.621,81.5799,29.1079,11.4899,11.5799,22.4689,87.1978,135.411,237.188,2.71276,5.34591,9.68693,15.1874,20.1352,19.8914,16.621,11.0378,1.45833,1.12051,9.08362,4.72705,-3.2952,-3.9937,-2.6777,-0.6765,3.4432,8.4701,13.032,12.7477,9.96,4.8003,-0.2195,-3.5022,-9.16238,-8.1369,-6.7781,-2.86895,1.67722,5.83035,5.54767,3.23699,-1.49566,-5.26103,-8.20862,-2.81188
StevHHHE4,7.284944534,0.9627949,3.959302187,2.29011,4.99483,1386.47998,7.47774,267.66,237.328,220.73,129.52,86.65,30.4549,12.0979,12.4329,21.8379,91.0249,140.657,251.621,3.49368,5.83565,10.1406,15.6236,20.532,20.3043,17.1023,11.5094,1.98346,1.58529,9.60191,5.31621,-3.1459,-3.8705,-2.6136,-0.7683,3.3722,8.4451,13.0259,12.7768,10.0404,4.8048,-0.1306,-3.327,-8.85964,-7.7994,-6.22565,-2.25253,2.15884,6.48786,6.27394,4.20127,-0.957031,-5.00682,-8.23769,-2.35915
